public_username,trust_score
.,0.0
0l1v,0.0
10sciple,0.0
1bus,0.0
2doupi,0.0
4682195377,0.0
4wN998SD,0.0
821C3,0.0
A,0.0
A2M0S,0.0
AAAA,0.0
AADAD,0.0
aalae,0.0
Ab,0.0
Abandon,0.0
abazaz,0.0
Abde,0.8
Abel,0.8
AbelINTP,0.0
ABI,0.8
ABO,0.8
abougouffa,0.8
Abricot,0.8
ABX,0.81
ac,0.8
AC4612,0.0
Accatto,0.0
AcidLock,0.0
Acydx,0.0
adama,0.0
Adamou,0.0
ADAPTT_merci_Gary,0.0
Adri,0.0
Adrien.B.,0.0
adrivsv,0.8
Ælith,0.0
aeronmoon_,0.0
Agauthier,0.0
Aggaddon_Médixès,0.0
Agrouuu,0.0
ahmfa09,0.0
aidjango,1.0
aindiana,0.0
AirLux,0.0
A.Jorant,0.0
akaryatrh,0.0
Aktä,0.0
Al1,0.8
alafay,0.0
Albertbuchard,0.0
Alcibiades,0.0
AlCouz,0.0
Alcyde,0.0
aldétonet,0.0
AldoProst,0.0
Aleksandra.w,0.8
Alex,0.0
alexandr9519,0.0
Alexandre,0.8
alexandre.marsone,0.0
alexandrerfst,0.8
alexis_mayet,0.0
AlexSmiks,0.0
Alfred_Bonjour,0.0
Alice,0.0
Aline,0.8
alix_ph,0.0
allemandinstable,0.0
allmos,0.0
Allouette,0.0
aloisdcrs,0.0
Alric,0.0
alternatif,0.0
Altheais,0.0
Alwin,0.0
alzhang,0.8
A_man,0.0
AmandineM,0.0
Amaresh,0.0
amatissart,1.0
Amaury,0.0
Amere,0.8
Amiralvian,0.0
Amna,0.0
Amnesia,0.81
Anadore,0.0
Analog_Worm,0.0
anathletos,0.0
And1,0.0
Andre,0.8
AndreeaAnghel22,0.8
AndresBriones,0.0
androslex,0.8
andy,0.8
Andy,0.0
Anemia8490,0.0
Angec,0.0
Angeoliver,0.0
anhgelus,0.0
Anh-Kagi,0.0
Anihils,0.0
Anikeith22,0.0
anna.gehres,0.8
Anolyia,0.0
anonyme89,0.0
Answer973,0.0
Antarctus,0.04
Antho57970,0.0
Anthonyvajda,0.0
Antoine26w,0.0
Antoine4729A3,0.0
AntoineD,0.0
AntoineJ,0.0
Antoine_Jamelot,0.8
antoinemahe,0.0
antoinepeltier,0.0
AntoineVersety,0.0
Antonin27,0.0
Antxnn,0.0
aom,0.0
apasco,0.0
Apik,0.8
apoptosae,0.0
aquoi-lord,0.0
Aquois,0.0
AR,0.0
aratkoff,0.0
a_rausch,0.84
Archidux,0.0
AreTaro,0.0
ArfiK,0.0
Argl,0.0
arieltan,0.8
Arkans,0.8
Arlxxquin,0.0
armance,0.0
Armg,0.0
arnaud,0.0
ArnaudL,0.0
arnorobl,0.0
Arthlec,0.8
Arthur,0.0
arthur6996,0.0
Arthurocco,0.0
arthursw,0.0
ArturoSaxo,0.0
Asch,0.8
Asdd,0.0
asendari,0.0
Ashikaga,0.8
Ashnur,0.0
ASL,0.0
aspodav,0.0
Astrale,0.8
astroJR,0.8
atchpee,0.8
a_tenail,0.0
AthenaLaChouette,0.8
Atth,0.8
Attila,0.0
audrey.bzh,0.0
Augustin,0.8
aurelevdmh,0.0
aurelienb,0.0
aurelr,0.0
autartique,0.0
Avanonyme01,0.8
axan,0.0
axelandre,0.0
axjonsson,0.8
Ayden,0.0
aym,0.0
AymericHMT,0.0
Azerty,0.0
Azireo,0.8
b,0.0
Baba,0.0
badmiaoo,0.0
Bakaarion,0.0
bakeneko,0.0
balegot,0.0
Balth,0.8
balutrade,0.0
BANG,0.0
banownage,0.0
Baptiste00,0.0
Barahir,0.0
barap,0.0
Barbarians,0.0
Barbuche,0.0
Bartelboom,0.0
Baruch,0.0
Basituldi,0.0
Basti_1,0.8
bastianlouis,0.0
BastienBoucherat,0.0
BAT,0.0
Batman,0.8
BChanus,0.8
BD,0.8
Beep_bloop,0.0
Béhémoth,0.0
bellecombes,0.0
Ben,0.8
ben75020,0.0
Benco11,0.0
Benjam1,0.8
Benji7579,0.0
Benoit25,0.0
Beren,0.0
Berny911,0.0
Bertrand Seguy,0.0
beu,0.0
bibi_lordbrock,0.0
biFid,0.0
Biggben,0.0
Billy2699,0.0
Billy_boy,0.0
Bintou,0.8
biosaurus,0.0
BirisC,0.0
biscuissec,1.0
Bistouri,0.0
Bitoubi,0.0
blackmambo,0.0
blaireau,0.91
blakedrake,0.0
Blanchon,0.8
BldyMorrigane,0.0
Blendermen10,0.8
BlHd,0.8
Bloowt,0.0
BMayeur,0.0
bmonnet,0.8
Bob66300,0.8
boblareleve,0.0
Boisfeuras,0.0
Bolide,0.0
Bonks,0.0
Bonscott313,0.0
boris,0.0
Boris,0.8
BorisH,0.0
boronium,0.0
Borys,0.8
Bouclier,0.8
Bougeo73,0.0
Bouli1515,0.8
BourbonKid,0.0
bouyou,0.0
Brainwasher,0.0
B_Rass,0.0
Brekekekeke,0.0
Brocco,0.8
BruGGy,0.0
bruvi,0.8
Btas,0.0
bubonpolisson,0.0
Buche,0.0
bugdaniel,0.0
bussiere,0.0
Bworkone,0.0
bxbxwlnksw,0.0
cachaos64,0.0
cadiou,0.0
CafeKrem,0.8
cainbantam,0.0
caitlin,0.8
caiustullius,0.0
calcium,0.0
camaradeHouitante,0.0
Camila,0.8
CamilleV,0.0
camzt,0.0
Cannonbark,0.0
Capteno,0.0
CapuM,0.0
Cariboul,0.0
Carlsenito,0.0
Casuan,0.0
Catgolin,0.0
CathEther,0.0
Caval,0.0
cazziro,0.0
CB,0.8
cboudou94,0.0
cdandy,0.0
cecile.cayere,0.0
Cécisimple,0.0
ced_c,0.0
cedp,0.0
Cédric,0.0
Céleste,0.0
celian.diblasi.evolution,0.0
Celiatrs,0.8
Cendre,0.0
cerisara.nathan,0.0
Cfj_cgc,0.0
Chacha,0.8
chama,0.0
Champi,0.84
chapelierfou,0.0
Charles689,0.0
charles-alkd,0.0
Charlesdelapommedorée,0.0
CharlieLambda,0.0
Charlink,0.0
chaug,0.8
Chcap,0.0
chelmooz,0.0
Cheshy,0.0
Chev,0.0
Cheveluresoir,0.0
chicco,0.8
Chichikb,0.0
chiliade,0.0
Chlorophylle,0.8
chrisbasura,0.0
Christelleyy,0.8
christian.montana,0.0
CHS,0.0
Chufolon,0.0
Cioon,0.0
Ckln,0.8
clarence.oumoum,0.8
Clarinouille,0.0
claudio.palmari,0.0
ClemEnce,0.0
clement.bertin98,0.0
clementl,0.0
clement.ladier,0.0
Clemenzo,0.0
clemrdh,0.0
clemtif,0.8
clifford1313,0.0
Cloudy,0.8
CML,0.8
cmoi,0.0
CNeyo,0.8
cobalt,0.0
Cobra8,0.0
Coco74600,0.0
COCOW,0.0
codename5281,0.0
Coles,0.0
ColinF,0.8
comehugo,0.8
Commanderiemeo,0.0
ComteHarbour,0.0
contact388,0.0
Contributor 412,0.0
coolcloud,0.0
CorneliusX1,0.0
coscollanodamien,0.0
Costaly,0.0
CounterPuncher,0.0
cp57,0.0
crabpeople,0.0
Crapougnard,0.0
Creeper,0.0
CricriDu31,0.0
crocods,0.0
croguet,0.0
croustilleu,0.0
Crozet,0.0
cthibault3,0.0
cthiounn,0.0
CTP,0.0
Cubix,0.0
cwg314,0.0
Cyllan,0.0
cypriendelmas,0.0
cyrius,0.0
Cytrine_du_93,0.0
Dabfur,0.0
DacODac,0.0
Dadaiste,0.0
Dagorath,0.0
Daguzan,0.0
dalekdalek,0.0
Dalquivive,0.0
Dambond,0.0
damienrogeaudefrance,0.0
damle1,0.0
Damonstrator,0.0
Dan.Bispo,0.0
Daniel_Mallen,0.0
DanielWeisz-Patrault,0.0
DarkBizzu,0.0
darksamor,0.0
Daunter,0.0
dauphin1602,0.0
david0u,0.8
david290101,0.0
Davide,0.0
DavidM,0.0
Davidp,0.8
david.pineda0871,0.0
david_real,0.0
Davyddex,0.92
DC_Rom,0.0
debro,0.0
Decalion,0.0
dedalus_a,0.0
dede2306,0.8
Delminator,0.0
Delroze,0.0
delta,0.0
Delta_India_Mike,0.8
Deltrak,0.0
Demain_en_Solutions,0.0
demjech,0.0
Demokos,0.0
demosthene,0.0
Denisab44,0.0
DenisC,0.0
Derpo,0.0
DexterIzzie,0.0
dflorent.pokap,0.0
Dgel,0.07
dguyomar,0.0
Dheinamar,0.0
diane.marre,0.8
didj7,0.0
Diego Bardiaux,0.8
Diemone,0.0
Dilam,0.0
DimLight12,0.8
diogene22,0.0
dionisos,0.0
DirtyFock,0.0
Disk,0.0
djer13,0.0
Djo,0.8
djobidjoba,0.0
DLK,0.0
docdomi,0.0
DocFred,0.0
Dokk,0.0
Dom_,0.0
Domingav,0.8
Dongi,0.0
dorad,0.0
Dorian,0.8
Doriane,0.0
Dorsan,0.0
Dory,0.0
doubleface,0.0
Dovu,0.0
DragonDwell,0.0
DragonMouse,0.0
draknova,0.0
DrBK,0.0
DreamStorm,0.8
dridou,0.0
dridri,0.0
drupol,0.8
ds.laetitia,0.0
ducatol,0.8
dumpster,0.0
duodiscus,0.0
Dupont-Teigneux,0.0
dxude,0.0
Dynalo,0.8
ecavalli,0.0
echodeltapapa,0.8
eco-lolo,0.0
Edchochotte,0.0
Edencast,0.0
Edgard Leahs,0.8
edikoehn,0.0
edwinleboss,0.0
Efflam,0.8
EGermond,0.0
egignoux,0.8
egu,0.0
elagier,0.0
elaine,0.0
elba,0.0
Elekzar,0.0
elfamosoo,0.0
Eliberias,0.8
elimera,0.0
Eliot,0.0
Eliza,0.0
elliot.guerineau,0.8
El_Lioto,0.0
elliott.ventura,0.0
Elnino,0.0
Elouan,0.0
Elphealer,0.0
El_Roumi,0.0
Em341,0.0
Emagmaster,0.8
Embuscad2,0.0
Emhu,0.0
Émile,0.0
EmilePlato,0.0
Emilie,0.0
emmanuel.chambost,0.0
emmanuel.roux.fr,0.8
Emmeline,0.0
emorege,0.0
Emurikku,0.0
EnavantG,0.0
encolpe,0.0
ende4,0.0
Enima,0.0
Enkariss,0.0
EnochViPariaci,0.0
EnoraS,0.0
enorax,0.0
enzo,0.0
eorsini,0.0
epot,0.8
EPTEPT,0.0
ERCC2028,0.0
eric-lebail,0.0
EricP,0.0
erjia,0.8
Ernestine,0.0
erpi,0.0
Erronna,0.0
Error666,0.0
erwil,0.8
Esp10n,0.0
esteb.reynier,0.0
Ethan,0.8
etienne.clopeau,0.0
Etudiant-Basique,0.0
Evanor,0.0
Everyatis,0.11
Everyatis_,0.0
evrart,0.0
evrtpsyche,0.0
ExceedDream-Info,0.0
Exode,0.0
eynard,0.0
eza,0.0
Fa1610,0.0
fabien35,0.0
Fabou,0.0
FabriceG,0.0
factoriel,0.0
Fadza,0.0
failix,0.0
FalafelAuxCarottes,0.0
Falex,0.0
Fangh,0.0
fantomatique,0.0
Faon,0.0
favela,0.0
fdelplan,0.8
feaudive,0.0
fegillet,0.0
Félix,0.0
FelixDecarbonie,0.0
Félix_Pietruczanis,0.0
FélixRuiz,0.0
fennexc,0.0
Fenouil,0.0
Fenril,0.0
FeynmanKenobi,0.8
FFM,0.0
ffsti,0.8
Filbern,0.0
Firedance,0.0
Firety,0.0
fjag73,0.0
Flafon,0.0
Flanrian,0.0
Flapon,0.0
flave,0.0
Fleg,0.0
fleopaulD,0.0
fley,0.0
Flocon,0.0
floguillet,0.0
Flokh,0.0
floppy,0.0
FloraB,0.8
Florentin,0.0
florian,0.8
FlorianM,0.0
flyos,0.0
F.Marchal-Bornert,0.8
fmortgat,0.0
Fodopgpi,0.0
Foebus,0.84
fofin,0.0
Fontaine123,0.0
forest.horner,0.8
Foueb,0.0
fpzn,0.0
fragan,0.0
framus,0.8
FrancescaLepore,0.8
Franck_M,0.0
Francois,0.0
francois.bruno,0.0
FrancoisLeChampi,0.0
Frauchor,0.0
freavr,0.0
Fred0825,0.0
Fred_Brenez,0.0
fred_thenon,0.0
freegreg,0.0
fremen13,0.0
Frexinet,0.8
frg,0.0
Fried,0.0
FriFy,0.0
Frktr,0.0
frnchfrgg,0.8
from_france,0.81
Fungus-Bob,0.14
Furette35,0.0
Fxgt,0.0
Fyllaws,0.0
fz,0.0
fziehâekfae,0.0
G0G0L,0.0
GabiLior,0.0
Gabs,0.0
gaehlion,0.0
Gael,0.0
Gael_SDMK,0.0
Gaetan_petit,0.0
GaetanTrysi,0.0
Gajyra,0.0
GalacticAura,0.0
Galm_9,0.0
Garalf_le_gris,0.0
Gardjla,0.0
garfield67,0.0
garigou,0.8
Gaspard_med,0.0
Gatopreto,0.0
Gaucher,0.0
Gauthier,0.0
gauthier.voron,0.8
GBIHEL,0.0
gblot,0.0
gbrandt,0.0
gbreteau,0.0
gcher495,0.0
gedeon.pushart,0.0
Gémo,0.0
geoffrey,0.0
Georges_Abitbol,0.0
Gerald_L,0.8
GermainPonpon,0.0
gfg95,0.0
Ghassen,0.0
Gil,0.0
gilles8475,0.0
Gincko,0.0
girard.sydney,0.0
Gl,0.0
Glandulf,0.0
glc,0.8
Globo,0.0
Globulle,0.8
g.loyer,0.0
Gluomme,0.0
Gocuto,0.0
gof_kingnose,0.0
Gogoho88,0.0
Golondrina,0.0
Goomba,0.11
GOS,0.0
goykmol,0.0
grahampaasch,0.0
grandmerlin,0.0
green68,0.0
GreenFrog,0.0
GregFez,0.0
Grelletraph,0.0
griffon,0.8
grop,0.0
GrothenDitQue,0.0
grumpyseed,0.0
gt4w4al,0.0
gueben,0.0
Guidouil,0.0
Guigui220D,0.97
guigui9,0.0
GuiguiBis,0.0
Guilhelm,0.0
GuilhemS,0.8
Guillaume,0.0
guillaumefe,0.0
GuillaumeH,0.0
GuillaumePK,0.8
GuiltyGlitch,0.0
Guivre,0.0
Gus,0.0
gustave,0.0
GuyRouste,0.0
guzmanperez,0.8
GwenXt,0.0
H2PtCl6,0.8
h2zu,0.0
hadh,0.0
haekel,0.0
haelazhar1,0.0
Haipi_,0.0
hakkan156156,0.0
HamsterJovial,0.0
Hantala,0.0
harut,0.0
Haryle,0.0
Hasarian,0.0
Haskeer,0.0
Haz,0.0
Hb,0.0
hdiard,0.0
Helene,0.8
helianthus.annuus,0.0
Helios-火リオス,0.92
Hellébore,0.0
Helm,0.0
Helto78,0.0
Hemel,0.0
henri,0.0
Henri_GEIST,0.0
Hérisson,0.0
hermesksroll,0.0
HernaniTournesol,0.0
Herval,0.0
HerySon,0.96
hfournet,0.0
hicoo,0.0
hildes,0.0
hiouf,0.0
hirowix333,0.0
Hivox7,0.8
Hke,0.0
hl037,0.0
Homer,0.0
hookred,0.0
hosaq,0.0
HoudinicisMedicis,0.0
HuggyLePlombier,0.0
hugo.lecourt,0.8
Hugo_sdt,0.0
Humainlamba,0.0
humisnat,0.0
hy-5,0.0
Hydreo,0.0
I3oris,0.8
IABF,0.0
ianare,0.0
IanoGeek,0.0
I-Azy-I,0.0
IchiSamaFR,0.0
Ichthus,0.0
iChussix,0.0
ifalna,0.8
ignami,0.8
IgorVlad,0.0
iijjaallkkaa,0.07
ilenado,0.0
Iliann.saget,0.8
Iluv,0.0
imagodesframboisiers,0.0
Impero,0.8
InfiNivy,0.0
Insert_Cool_IGN,0.0
Intégralecurviligne,0.0
iouriloup,0.0
ipppllow,0.0
isatis,0.92
Isatis,0.0
isaz24,0.0
Ismiyac,0.0
ivyzyon,0.0
Izimic,0.0
iznogoudatall,0.0
jacaeo,0.0
jacolot,0.0
Jaddarax,0.0
Jaden3k,0.0
jahtovo,0.0
Jakez,0.0
Jalibter,0.0
JanDoktoric,0.8
janobruno,0.0
janusmagnus,0.0
jasminekalstein,0.8
Jay_,0.0
JB3210456789,0.0
jbdh1p3nr,0.0
JBrickelt963,0.0
jc,0.0
jcplessis,0.0
JE,0.0
jean,0.8
Jean_Bond,0.0
Jean-francois,0.0
Jean_G,0.0
JeanJacquesSatan,0.0
Jean-Lou,0.21
JeanMi,0.0
jeannoel34,0.0
jean-Trepran,0.0
Jeff54,0.0
jeje,0.8
jenipapo,0.0
Jenjango,0.0
JéréMie,0.0
JeremiePat,0.0
Jeremy,0.0
Jeromeon,0.8
Jess,0.0
jetou,0.0
Jeudes,0.0
jfbonvin,0.8
jgau,0.0
jgcb00,0.8
jguiheneuf44,0.0
jibe-b,0.0
jicaf97019,0.0
Jim,0.0
JJJG1,0.0
JL1,0.0
jldupont,0.0
JLT,0.8
jmenbalcon,0.0
Jnphdl,0.0
jobellet,0.0
JoeDoe,0.0
joel23,0.0
JoelGermain,0.8
Johann,0.0
JoHero,0.8
john,0.0
JohnArgutie,0.0
JohnDoe,0.0
Johnny,0.0
Jojo,0.8
JojoMyr,0.0
jolan,0.0
joleenj,0.84
Joletaxi,0.0
Joman,0.0
JonasDuvoisin,0.8
Jonat,0.8
JonPeter83,0.0
Jordan_Kai,0.0
Jordan_tournesol,0.0
Jorropo,0.0
josee,0.0
Josias,0.0
Joyce,0.0
jpaoli,0.0
jpcadiat,0.0
jpimhof1,0.0
JPS,0.8
j.ratompo,0.0
jrmouraz,0.0
jsp,0.0
Judas8282,0.0
Juju,0.8
jules,0.0
JulesLegueux,0.0
JulieM,0.0
JulienE,0.0
julien.fageot,0.8
JulienGenoud,0.0
julien_mast,0.8
julienrf,0.8
JulioArturo,0.0
Jumo004,0.0
Junk,0.0
Jurassic_Child,0.0
juriko,0.0
Justinexdecrock,0.8
k80nelson,0.0
Kab,0.0
Kabra,0.0
Kajih,0.92
Kald,0.0
Kalmika,0.0
kamykro,0.0
Kaosce,0.0
kaosm,0.0
kaourantin,0.0
Kasdorel,0.0
Kasix,0.0
kate.megan,0.8
Katokoda,0.8
Kattzen,0.0
Kaxe,0.0
K_D,0.8
Kelevra,0.0
Kelian,0.0
Keluaa,0.0
keniikeni,0.0
ken_tokyo,0.0
kephasp,0.0
Ker,0.0
kesson,0.0
kevinyaya,0.0
Kheris,0.0
khors,0.8
Khyelle,0.11
KifranKober,0.0
kikeryoku,0.0
Kikich,0.0
King_Julian,0.0
KipraukO,0.0
kirua1234,0.8
kitsukihako33,0.0
Klouffy,0.0
KMR1,0.0
Knohll,0.0
KoliaW,0.0
Koneko,0.0
KontainPluton,0.8
KooK_,0.0
Korial,0.0
kouett,0.0
Koun,0.0
Kouyère,0.0
kradimir,0.8
Kreahzer,0.0
kriom,0.0
Kris,0.0
kristinof,0.0
krominou,0.8
KronosIII,0.0
Krouger,0.0
Krunv,0.0
krzysfr,0.0
KuidZ,0.8
Kwak,0.0
Kylkanaan,0.0
kyure,0.0
Labeiros,0.0
La_Biologie,0.0
Ladyfae,0.0
lafabriquesociale,0.17
LaFontaineÔsecours,0.09
Lahire,0.8
lalejand,0.0
lamala,0.0
lambertarthur222,0.0
Lamiut,0.8
lampadaire_rouge,0.0
LANGENIER,0.0
lapetiteligne,0.0
Lapin_des_montagnes,0.0
LapinLambda,0.1
Larazouna,0.0
larpinus,0.8
Lasagne77,0.0
Lassie,0.0
Lastreaumont,0.0
latarte,0.0
LauraM,0.0
Laurent_A,0.0
laurent.claessens,0.0
Laurent_Keiff,0.0
LaurentR,0.8
Laurie,0.0
LautreFrançois,0.0
Laxario,0.0
Lbadikho,0.8
LDe,0.0
le_barman_haletant,0.8
lechevalier,0.0
Le_Comte_Hamporain,0.0
leDéfaillant,0.0
lee_couchette,0.0
Leetche,0.0
leFlexiterrien,0.0
LeG,0.0
Legoujon,0.0
LekSeng,0.0
lelio,0.0
Lelmose,0.8
Le_M,0.8
LeMayare,0.8
Lena.C,0.0
leobuecher,0.0
LéoDana,0.8
Leolecolo,0.0
Léon,0.0
leopaul314,0.8
Leoryel,0.0
Lep,0.0
leparasiteduchat,0.8
lepikans,0.0
LePrinceTortue,0.0
le_science4all,1.0
leshistoiresduperevincent,0.0
lestylow,0.0
Letronc,0.0
Le_Vagabond,0.0
lewisk,0.0
lexiab,0.0
Lheureux,0.0
Libell,0.0
Life,0.0
lighght,0.0
LightKnight,0.0
lilagauthier,0.8
lilbey,0.0
lilian,0.0
Lilou_masquee,0.0
Lily_Dasu,0.0
lindryo,0.0
lindsayalaubacher,0.8
Line_Dup,0.0
lioneldeveaux,0.8
Lionel.F,0.0
LionelJaquet,0.0
Lion_pourpre,0.0
lipki,0.0
Lisa,0.0
Lise_Moon,0.0
litelfifi,0.0
lizher.trap,0.0
lju,0.0
lmaisonneuve,0.0
lmzr,0.0
logan.oneill,0.8
Loic,0.0
Lois_ECOFFET,0.8
loliv,0.0
loockeeer,0.0
Lopilopi,0.0
Lopuzal,0.8
LoranG,0.0
Lordhellfire,0.0
LordMouton,0.0
Lorenzo,0.0
LoSh,0.8
Lou213,0.0
loucool,0.0
Louisbelle,0.0
louisbetzer,0.8
louise,0.0
louisg,0.0
LouisMarolleau,0.0
Loujo,0.0
Loulalie,0.0
louou,0.0
LouPelut,0.0
LoWe,0.0
Lp,0.0
lpfaucon,1.0
LSA_888,0.0
lu,0.0
LucaLani,0.0
lucasmuller414,0.8
Lucia,0.0
LucieA,0.0
lucky,0.0
LuckyLuc,0.0
lucluc,0.0
LucW,0.0
ludo894,0.0
LUDOMIR,0.0
Ludovic200,0.0
Luimême,0.0
Luisa,0.0
luluzabo,0.0
lumis12,0.0
Lunairement,0.0
Lunokhod,0.0
Lyes,0.0
LyFecha,0.0
lynx,0.8
Lyon2,0.8
LyonVince,0.0
Lyu,0.8
M9l0m6n,0.0
Maaltir,0.0
mabouya,0.0
machandeze,0.92
Machriva,0.0
mactul,0.0
madabliom,0.0
mademoiselle-watson,0.0
MadMat,0.0
Maero,0.0
maey,0.0
Magalie,0.0
magavich,0.0
magicletur,0.0
maginth,0.0
magual,0.0
Maht,0.0
Majouble,0.0
Makyro,0.0
Malizam,0.0
Malssum,0.0
Mamie_Nova,0.0
Mamieyo,0.0
manalfer,0.0
Manel.cherrak,0.0
ManoCor,0.8
Mantis,0.0
manugira,0.0
ManUtopiK,0.0
Mapi,0.0
Marc2718,0.0
Marcassin,0.0
MarcHennico,0.0
Marco_Poulain,0.0
Marduk,0.0
Maret,0.0
mariametig,0.8
mariarjs,0.8
mariawebb,0.8
marie,0.8
Marion,0.8
mariusdubosc,0.0
Marlene,0.0
Marlonelias,0.8
maroxib,0.0
martin.barry,0.0
Martin_Who,0.0
Masherbrum,0.0
Mastersloth,0.0
matéo,0.0
Mateye,0.0
mathias38000,0.0
mathias.soulhol2,0.0
Mathieu1000,0.0
mathieub,0.0
MathieuNog,0.0
MathieuTalon,0.0
MathisJacquesGeorges,0.0
MathouLrt,0.0
Mathurin,0.0
matildepassera,0.8
Matmaxd,0.0
MatriceJacobine,0.0
matt,0.0
Matt,0.8
MattCNRS,0.8
Mattherix,0.0
matthias.aveddo,0.0
Matthieu_C,0.0
MatthieuC,0.0
matthis.maupas,0.0
mattmatthieu,0.0
Mattyghan,0.0
Maudg,0.0
maverick,0.0
Maxas1,0.0
MaxBdn,0.0
Maxe,0.0
maxgag,0.0
-Maxime-,0.0
Maxime,0.92
maxime.robinne,0.0
MaximeViala,0.8
maximiliense,0.8
MaxP,0.0
Max-xaM,0.0
mazerti,0.0
MBch,0.0
mchammings,0.0
MCL186,0.0
mdjsam,0.0
Méandre,0.8
megaLUS13,0.8
megs,0.8
Mehdi,0.8
melouais,0.0
Menethar,0.0
Mentel,0.8
Merynce,0.0
MestreBelette,0.0
Metaxu,0.0
mfreeze,0.0
mgregorio,0.0
mgth,0.0
MiaAnge,0.8
Miaoule,0.0
MichaelLy,0.0
michell,0.0
michlaf61,0.0
Midday,0.8
Midou1966,0.0
Mike-le-Terrien,0.0
MikeO,0.0
MikeTheBike81,0.0
mil,0.0
Milanaarz,0.8
MilkyH2O,0.0
MilleSabords,0.0
Mimil_,0.0
Mini,0.0
minrunshi,0.8
MiracleMaax,0.8
Misk,0.0
MissedClic,0.0
Mittvood,0.0
mjsith13,0.0
mma,0.0
MMA,0.0
Moanho,0.0
Mogow,0.0
Mohamed_Kattra,0.0
Moïse,0.0
Mole,0.0
moltonel,0.0
Momed,0.0
momomiamiam,0.0
mongtsing,0.0
MonsieurPou,0.8
MoonKnight,0.0
Morgrommir,0.0
moro,0.0
MorpheeD,0.0
Motomotomas,0.0
moumouzz,0.0
mousman,0.0
MrBrumaire,0.8
MrChamo,0.04
MrEpicKiwi,0.0
mrmatthias,0.0
mrmick,0.8
MrMumu,0.0
Msalmon,0.0
mserranorichez,0.8
Muetdhiv3r,0.0
Mur2Fer,0.0
Mussaka,0.0
Mutre,0.0
mvk,0.8
mw8,0.0
mylouneb,0.0
myself,0.0
Naash,0.0
NadiaJl,0.0
Nael,0.8
Naheulf,0.0
Nainai,0.0
Naivuon,0.8
nalban,0.0
Nano,0.0
Nanomaniach,0.0
Narada,0.8
Narog,0.0
Natebe,0.0
Nathan31,0.0
NathanColl1,0.0
NatNgs,0.22
Naw,0.0
ncarcail,0.0
Neafs,0.0
neborion,0.0
neilatinc,0.0
NeilRyanBlack,0.0
Nekkets,0.0
nélifar,0.0
Nelson,0.0
NEM0Z,0.0
Némo,0.0
neo_greg,0.0
neomilium,0.0
neoneuro,0.0
NeoZer0,0.0
Nepomucene,0.8
Nesta,0.0
newatir,0.0
Neway,0.0
NeyliaRG,0.8
-NFW-Yates-,0.0
NGOW,0.0
nguyen_laurent,0.0
Nic,0.0
ni.co.,0.0
Nico80,0.0
Nicode,0.0
NicoFep,0.0
nicolantenois,0.8
Nicolas21,0.0
Nicolasagna,0.0
NicolasD,0.0
NicolasDu,0.0
nicolas.ribeyre,0.0
nicotibo,0.0
Nierin,0.0
night,0.0
Niji,0.0
nikitamyheart,0.8
nikokks,0.0
NilsVDB,0.0
nimajneb,0.0
Ninno,0.8
Niralod,0.0
Nithuya,0.8
nlhm,0.0
Nnicolas,0.0
nnmrts,0.0
Noam,0.0
NoaPe,0.0
noar,0.8
NoBody,0.0
Noe_Gruget,0.0
NoelleDF,0.0
NoeRabaud,0.0
NoGoLo,0.8
Nojan,0.0
nomalisa,0.8
Nono666,0.0
NO_Pasaran,0.8
Norbebert,0.0
Norbert42,0.0
Nostapouik,0.0
Note_Damien,0.0
NounoursPanda,0.0
noxisumbrae,0.0
NozaSp,0.0
nprime496,0.0
Nsy,0.0
nt22,0.0
Nurman,0.0
nymmartin,0.8
Nyxie,0.0
Ob,0.0
Obilolo,0.0
obli34,0.8
Octavius,0.0
odalise33,0.0
ogm,0.0
ok3z,0.0
oldboy,0.0
Olf,0.0
Oliquero,0.0
olivier.avellan,0.0
olly_futur,0.0
olyweb,0.0
Omi,0.04
OnEstTropDansMaTête,0.0
OnOff,0.0
ooberholzer,0.0
opengolfSuturing,0.0
Optima,0.0
orabh,0.0
Orage_Mordu,0.0
Orel,0.0
Oroborus,0.0
OrsoF,0.0
orthosol,0.0
Oscar_Pasta,0.0
oscarv,0.85
OsKaR31415,0.8
Ota,0.0
Ouinon,0.0
Ourcoloque,0.0
Owrel,0.8
oxyde,0.0
oznog,0.0
ozzaa128,0.0
PA,0.0
Pachou,0.0
pad,0.0
pakke,0.0
Paloth,0.0
pampam,0.0
PandiPanda,0.0
PandorasRed,0.0
Panrha,0.0
Papier,0.0
Paracetamol,0.8
paradoxe,0.0
ParaMick,0.0
Pardel,0.8
Pascool,0.0
Pastèque,0.0
Pata,0.0
Patafikss,0.0
Patapon,0.0
patcian,0.0
PatMJ,0.0
PaulBithmut,0.0
PaulineD,0.0
Paul-R,0.0
Paÿpaÿ,0.0
pazazel,0.0
pbl,0.8
pcauchy,0.0
pconort,0.8
Peaupote,0.0
pedro_rouge,0.0
Peduch,0.0
Penncroff,0.0
peotr26,0.0
Pépéjo,0.0
Pépino,0.0
Pepper,0.0
Peragus,0.0
Perceval+Caradoc,0.0
Périhélie,0.0
petitDodo2369,0.0
Petithom,0.0
petrus,0.0
pfevrety2,0.0
PGreb,0.0
phenix99,0.0
Philippe,0.0
phoebzz,0.0
PHPierre,0.0
Phyz,0.8
PiBey,0.0
Pierre_165,0.8
PierreCommes,0.0
pierre.duriez92,0.0
PierreHoudayer,0.8
PierreL,0.8
Pierre M,0.92
Pierre-Olivier,0.0
pierretran,0.0
Pierriroule,0.0
PierrotIV,0.0
Pierucc,0.0
PiffPaffPouff,0.8
Pilgrim,0.8
pineapplegodguy,0.0
Pingouin33,0.0
PinkPillow,0.0
Pipouan,0.0
Piquemal,0.0
Pirmk,0.0
piromagnus,0.8
pissenlit,0.0
pixipixi,0.0
Planchenault,0.0
Platy1312,0.0
plelievre,0.0
PLinho,0.0
ploploplop,0.0
pmdaguet,0.0
Pohoua,0.0
Pokodeio,0.0
polaroid2002,0.0
polarolouis,0.0
Poloroti,0.0
PorcPiquant,0.0
Poubelle,0.0
Poufpouf,0.09
Pounamou,0.0
poussinbleu,0.0
PoussinVert,0.0
pqp,0.0
pr_atomic,0.0
Primerose,0.8
Priscilla,0.0
Proff77,0.0
profmicgad,0.8
prog-x,0.0
prRoumanet,0.8
Pterygoidien,0.0
Punpun,0.0
pymistiaen,0.0
PyrDeus,0.0
Pyrosh,0.0
Pyroxis9768,0.8
qbouccin,0.8
Qed,0.8
qenydir,0.0
QuantumSoul,0.0
Quent,0.0
quentinG,0.81
QuentinJ,0.0
Quentinl,0.0
QuentinPara,0.0
querelle,0.0
Qzdxx,0.0
r4m4n,0.0
rackham,0.0
Radamanthe,0.0
Rafka,0.8
Ragoudcep,0.0
Rainc,0.0
Raky,0.8
ralfi2,0.0
rambip,0.0
Rame,0.0
Ranosuki,0.0
Raphaël,0.8
raphaelreme,0.0
RaphAstronome,0.8
raphernotte,0.0
raratak,0.0
Raripion,0.0
Rascar,0.0
Rasgardo,0.0
Rasp,0.0
rayan,0.0
razmio,0.0
RecomComp,0.0
Redge,0.0
RedGuff,0.0
redouane1_,0.0
Redswap,0.8
reepier,0.0
Reinrag,0.0
remax,0.0
remgre,0.0
RémiBissy,0.0
remicoreen,0.0
remitche,0.8
REMqb,0.0
RémyG,0.0
remyrdd,0.0
ReNé,0.8
Resppo,0.0
Revan,0.0
RevolutionFever,0.0
Reyla98,0.0
Rezus,0.0
riba66,0.0
richard,0.0
Ridlaid,0.0
riks1980,0.0
rionnoip,0.0
Riri,0.8
RJD,0.0
rlubin,0.0
RM,0.0
rmahmoud,0.0
rnollet,0.0
Rob1,0.0
RobbieVanPersil,0.0
robink,0.0
Robson,0.0
RoDeau,0.0
RogerValentine,0.8
romain1208,0.0
RomainDewaele,0.0
RomainM,0.0
Romain_PC,0.81
RomainVet,0.0
Roman_Stemplowski,0.8
ronnay,0.8
roptat,0.8
rotaroced_,0.0
roul,0.0
Rozwee,0.0
ruadh,0.0
rubor33,0.0
Saca,0.0
SachaAlex,0.0
Safara,0.0
saifaa,0.0
Sakarov,0.8
Salammbo,0.0
Salamy,0.0
SALIS,0.0
salut,0.8
sam,0.8
samaroc,0.0
samsja,0.0
Samuelfetri,0.0
samuelnihoul1,0.8
Samulus.i.n,0.0
samy.rezzouqi,0.0
sarahGé,0.0
sarcosuchus,0.0
sashira,0.0
Saskia,0.0
SavantFou,0.0
Sayu,0.8
sbernard,0.0
scar,0.0
Scarflox,0.0
scayrol,0.0
Scentynelle,0.0
schellekensv,0.0
schmetter,0.0
Sciencecool,0.0
scorzen,0.0
SDK,0.0
sebabalos,0.0
sebbod,0.0
SebG,0.0
Seb Mantel,0.8
Sebtantesept,0.0
sebu,0.0
Seglinglin,0.8
Seiken,0.0
Selasserre,0.0
Semarada,0.8
Sephi26,0.0
Sera,0.8
sergei,0.8
sergent_merguez,0.0
sergi,0.0
Setomas,0.0
severine,0.0
Seyrbeyr,0.0
sg29,0.0
sgrall,0.0
sh3xe,0.0
shadock,0.0
Shadow_Doctor,0.0
Shaïman,0.0
Shao,0.8
Shiaroku,0.8
ShinobiWataaa,0.8
shnorbluk,0.0
shykiro,0.0
Siirak,0.0
Silouane,0.0
Sim,0.0
SimGus,0.0
simon.arduin,0.0
simon.hay,0.0
simsom,0.0
simulink,0.0
Sinay,0.0
SiobudC17,0.0
Siraca,0.0
Sirtyl,0.0
Siyah,0.0
SkeptRaiser,0.0
Skonike,0.0
slandais,0.0
Slavi,0.0
Slithering,0.0
Sloaww,0.0
smad,0.0
Smyrne,0.0
snipe2004,0.0
Sofiane_C,0.8
Solatium,0.0
SolipsisteMaisSympa,0.0
soloyant,0.0
sombrero,0.0
sophia,0.0
soso49,0.0
soulisalmed,0.0
soymaria,0.8
SP,0.0
sparkle,0.0
SparklingMushroom,0.0
SpiderGwen,0.0
Spimpao,0.0
Spoony,0.0
squibix,0.0
ssteinma,0.0
stanley,0.0
Stanzach,0.0
starduck78,0.0
stefouneto,0.0
Stély,0.0
Steph90,0.0
Stéphane_Clerc,0.0
steve,0.0
SteveKatuaDa,0.0
Stoil,0.0
stombaker,0.0
strangery,0.0
strobovsky,0.0
suaudeau,0.0
sulian,0.8
sultory,0.0
sunmat,0.0
sunoc,0.8
SuperBalez,0.8
Superoi,0.0
Superwet1441,0.0
suppayakisoba,0.0
supramaXx,0.0
Surftereza,0.0
Susmitha,0.8
Svat,0.0
Sw_aa_nn,0.0
Sxilderik,0.0
Syd,0.0
SydJim,0.0
Sylaac,0.0
sylvainberube,0.0
Sylvie,0.0
Synthesprit,0.0
t0pz,0.0
t4nuki,0.0
Taffoni_Pyrope,0.0
Talisma,0.0
tamaraa,0.8
tambourinesbastes,0.8
Tametis,0.0
Tang33k,0.81
tanguy_jvt,0.0
tangwuji,0.0
Tao8,0.0
Tarcisius,0.8
tardi,0.0
Tark_Fator,0.0
Tarta,0.0
tartiflette,0.0
TartineVaillante,0.0
Tarvathorg,0.0
Taupe_au_Log,0.0
Tayi,0.0
TBouquier,0.0
tchernomax,0.0
team667,0.0
Teldox,0.0
Tenshin,0.0
TERMOZ,0.0
tesseract,0.8
test_icule,0.0
TFC,0.0
tforgione,0.8
th2o,0.0
thamieu,0.0
TheD4rkkill3r,0.0
TheFatMagi,0.0
The_Honey_Cat,0.0
TheLastCookie,0.91
Thelinab,0.0
Themaya,0.8
Théob,0.0
Theogab,0.8
Theo_Sgl,0.0
thephaco,0.0
Thermo_Pierrot,0.0
thexoim,0.0
thib,0.0
Thibault_,0.0
Thibo,0.0
thibogo,0.0
Thingy,0.0
thomas,0.0
Thomas_DC,0.0
Thomas Fiolet,0.0
Thomasletocart,0.0
ThomasLr,0.0
thomas_mccartney,0.0
thomas_v_hardy,0.8
thomatesque,0.0
thoms,0.0
thoven,0.0
Thread,0.0
Thual,0.0
ThugFou,0.8
Thynes,0.8
tibal,0.0
tibo1998,0.0
Tiennoux,0.0
tihboh,0.0
tilouli,0.0
Timal,0.0
timber,0.13
Timecut_str,0.0
Timot,0.0
tinetine,0.11
Tintama,0.0
tiribzh2,0.0
Tit0uan,0.86
Tit0un,0.0
Titi2136,0.0
Titouan0200,0.0
Titouxt31,0.0
Tivenla,0.0
Tiwo,0.0
TJ,0.0
TjejiM,0.0
tl,0.8
TlT,0.8
Tocqueville01,0.0
Tointoin,0.0
Tomas,0.0
TomLAROCHE26,0.0
Tom_MacWhirr,0.0
Tommy,0.0
Tommy.B,0.0
TomSol,0.0
Tongdao,0.0
Tony22,0.0
Tooroop,0.0
TormilonLeSage,0.0
Totoutoy24,0.0
TourFL,0.8
Tournesoho,0.0
TournesolLive,0.0
tournesolllllllllllllllllllllllllllllllllll,0.0
Toxunix,0.0
Trakks,0.8
Traroth,0.0
Travis,0.0
Trerare,0.0
Trisdan7,0.0
Triskel78,0.0
tristan_martin,0.0
trolin,0.0
tromatojuice,0.0
Troposphere100,0.0
Troupal,0.0
trstn mnr,0.8
TruLib,0.0
Tryphon,0.0
T-Ryx,0.0
Tsamuz,0.0
tsanchez,0.8
tsaquet,0.8
T_touline,0.0
Tungom,0.0
turtle,0.0
tutti,0.0
twotiMart,0.0
Tybau75,0.0
TylerKlimos,0.8
Ubini,0.0
Ugo,0.8
ui,0.0
Uleacien,0.0
UltraLcD,0.0
ulyssepillon,0.0
umzhefmibqevkjnslj,0.8
Undesdeux,0.0
UnFefeSauvage,0.0
Unixcorn,0.0
un.percepteur,0.0
upog,0.0
Urendale,0.0
user3939,0.0
user7123,0.8
user7303,0.0
user_A,0.0
vajom,0.8
Valcor,0.0
valdigula,0.0
Valentin,0.0
Valentin.all,0.0
Valentin.Regnault,0.0
Valerian,0.0
valerie.caroff1,0.0
vallala3,0.0
valoulef,0.0
vanefillubie,0.0
Vanessa Billon,0.0
VaraStar,0.0
Vargarys,0.0
VARVARI,0.0
vchampaney,0.0
vdubus,0.0
Veka,0.0
Verbal_Kint,0.8
vero,0.14
VertPelican,0.8
verynoob,0.0
vialaneixa,0.0
vic2000,0.0
Victor_B,0.0
Victornesol,0.0
Vicx,0.0
vidiaferia,0.8
Vii,0.0
Vilĉjo,0.11
vinceathome,0.0
vince.demont,0.0
vincent.,0.0
Vincent_BZH,0.0
VincentDD,0.8
Violette,0.0
virttom007,0.0
visionnary.sama,0.0
Vivien1985,0.0
Vixo,0.0
vlvrd1,0.0
vmaupas,0.0
vmorand,0.0
Vneb23,0.0
voxaba,0.0
VSimP,0.8
VValden,0.0
vvm,0.0
Wabi_Sabi,0.0
waeo,0.0
WanderingPseudointellectual,0.8
Wandrille,0.9
wareita,0.0
Watewmark,0.0
wellan38,0.0
Weny,0.0
white,0.89
whysmexistence,0.0
willa,0.8
Williamfr,0.0
wilonweb,0.0
Wivresse,0.0
wnrpaul,0.0
worms,0.0
Wreckless,0.0
Wurden,0.0
wywhe,0.0
xaintrailles,0.0
XanderLeaDaren,0.8
Xaraz,0.0
xavichou,0.8
XBlast,0.0
X-CoM-Fr,0.0
Xeandro,0.0
Xenos78,0.0
xinig82128,0.0
Xonram,0.0
Xoumax,0.0
Xwave101,0.0
yan_dm,0.0
yann,0.0
Yann79,0.0
yannimassi,0.0
yassinefekih,0.0
yazul,0.0
Yelahnau,0.0
YG,0.0
Yioxe,0.0
Ylaff,0.0
YO,0.0
yoann.lm,0.0
yoda.sky,0.0
Yokonak,0.0
yoloswag,0.0
Yo_oY,0.0
yorunohikage,0.0
Youka,0.0
Youpla,0.0
Youri,0.0
Yoyo44,0.0
ypcht,0.0
Yrtiop,0.0
Yttrium,0.0
Yuélia,0.0
Yuki,0.0
Yukimigiku,0.0
yukit,0.0
yulia.kapelka,0.8
yup,0.8
yvesposiere,0.0
Yvv,0.0
Zac,0.0
Zag,0.8
zalsic,0.0
zaltarba,0.8
zanasco,0.0
Zar,0.0
zaugg.loic,0.0
zblah,0.0
zbofex,0.0
Zebluenote,0.0
Zéfling,0.0
ZeFrentchLurner,0.0
Zekk,0.8
Zel,0.8
Zende,0.0
zeno,0.8
Zerathyon,0.0
ZeRemz,0.0
Zetary,0.8
Zeutrey,0.0
Zifuko,0.0
Zircon,0.0
zlita,0.11
Zola,0.8
Zoreye,0.0
Zouzou,0.0
zuwyx,0.0
zzoo,0.0
ᛗᚨᛏ,0.0
