,public_username,trust_score
0,.,0.0
4,0l1v,0.0
7,10sciple,0.0
10,1bus,0.0
15,2doupi,0.0
20,4682195377,0.0
22,4wN998SD,0.0
29,821C3,0.0
33,A,0.0
36,A2M0S,0.0
39,AAAA,0.0
40,AADAD,0.0
43,aalae,0.0
48,Ab,0.0
50,Abandon,0.0
51,abazaz,0.0
57,Abde,0.8
62,Abel,0.8
63,AbelINTP,0.0
66,ABI,0.8
69,ABO,0.8
70,abougouffa,0.8
74,Abricot,0.8
78,ABX,0.81
80,ac,0.8
81,AC4612,0.0
83,Accatto,0.0
92,AcidLock,0.0
98,Acydx,0.0
99,adama,0.0
100,Adamou,0.0
104,ADAPTT_merci_Gary,0.0
115,Adri,0.0
123,Adrien.B.,0.0
126,adrivsv,0.8
134,Ælith,0.0
141,aeronmoon_,0.0
149,Agauthier,0.0
151,Aggaddon_Médixès,0.0
154,Agrouuu,0.0
159,ahmfa09,0.0
163,aidjango,1.0
165,aindiana,0.0
170,AirLux,0.0
175,A.Jorant,0.0
182,akaryatrh,0.0
188,Aktä,0.0
190,Al1,0.8
194,alafay,0.0
204,Albertbuchard,0.0
207,Alcibiades,0.0
209,AlCouz,0.0
210,Alcyde,0.0
214,aldétonet,0.0
215,AldoProst,0.0
219,Aleksandra.w,0.8
227,Alex,0.0
232,alexandr9519,0.0
233,Alexandre,0.8
238,alexandre.marsone,0.0
239,alexandrerfst,0.8
249,alexis_mayet,0.0
258,AlexSmiks,0.0
266,Alfred_Bonjour,0.0
273,Alice,0.0
278,Aline,0.8
285,alix_ph,0.0
288,allemandinstable,0.0
290,allmos,0.0
291,Allouette,0.0
297,aloisdcrs,0.0
309,Alric,0.0
315,alternatif,0.0
316,Altheais,0.0
320,Alwin,0.0
323,alzhang,0.8
329,A_man,0.0
331,AmandineM,0.0
333,Amaresh,0.0
334,amatissart,1.0
336,Amaury,0.0
342,Amere,0.8
349,Amiralvian,0.0
352,Amna,0.0
353,Amnesia,0.81
358,Anadore,0.0
363,Analog_Worm,0.0
366,anathletos,0.0
371,And1,0.0
373,Andre,0.8
377,AndreeaAnghel22,0.8
379,AndresBriones,0.0
381,androslex,0.8
383,andy,0.8
384,Andy,0.0
385,Anemia8490,0.0
388,Angec,0.0
395,Angeoliver,0.0
396,anhgelus,0.0
397,Anh-Kagi,0.0
400,Anihils,0.0
401,Anikeith22,0.0
404,anna.gehres,0.8
409,Anolyia,0.0
412,anonyme89,0.0
418,Answer973,0.0
420,Antarctus,0.04
423,Antho57970,0.0
428,Anthonyvajda,0.0
437,Antoine26w,0.0
438,Antoine4729A3,0.0
441,AntoineD,0.0
446,AntoineJ,0.0
447,Antoine_Jamelot,0.8
448,antoinemahe,0.0
449,antoinepeltier,0.0
456,AntoineVersety,0.0
463,Antonin27,0.0
470,Antxnn,0.0
476,aom,0.0
480,apasco,0.0
483,Apik,0.8
487,apoptosae,0.0
490,aquoi-lord,0.0
491,Aquois,0.0
492,AR,0.0
498,aratkoff,0.0
499,a_rausch,0.84
502,Archidux,0.0
506,AreTaro,0.0
508,ArfiK,0.0
511,Argl,0.0
517,arieltan,0.8
520,Arkans,0.8
523,Arlxxquin,0.0
526,armance,0.0
531,Armg,0.0
533,arnaud,0.0
537,ArnaudL,0.0
547,arnorobl,0.0
560,Arthlec,0.8
561,Arthur,0.0
563,arthur6996,0.0
571,Arthurocco,0.0
575,arthursw,0.0
579,ArturoSaxo,0.0
587,Asch,0.8
588,Asdd,0.0
591,asendari,0.0
595,Ashikaga,0.8
596,Ashnur,0.0
599,ASL,0.0
604,aspodav,0.0
608,Astrale,0.8
614,astroJR,0.8
616,atchpee,0.8
618,a_tenail,0.0
624,AthenaLaChouette,0.8
632,Atth,0.8
634,Attila,0.0
641,audrey.bzh,0.0
650,Augustin,0.8
659,aurelevdmh,0.0
663,aurelienb,0.0
668,aurelr,0.0
671,autartique,0.0
676,Avanonyme01,0.8
684,axan,0.0
688,axelandre,0.0
693,axjonsson,0.8
696,Ayden,0.0
697,aym,0.0
698,AymericHMT,0.0
705,Azerty,0.0
709,Azireo,0.8
719,b,0.0
725,Baba,0.0
736,badmiaoo,0.0
740,Bakaarion,0.0
744,bakeneko,0.0
750,balegot,0.0
756,Balth,0.8
759,balutrade,0.0
762,BANG,0.0
764,banownage,0.0
768,Baptiste00,0.0
772,Barahir,0.0
773,barap,0.0
774,Barbarians,0.0
777,Barbuche,0.0
782,Bartelboom,0.0
785,Baruch,0.0
790,Basituldi,0.0
792,Basti_1,0.8
793,bastianlouis,0.0
795,BastienBoucherat,0.0
802,BAT,0.0
805,Batman,0.8
813,BChanus,0.8
815,BD,0.8
826,Beep_bloop,0.0
829,Béhémoth,0.0
833,bellecombes,0.0
835,Ben,0.8
839,ben75020,0.0
845,Benco11,0.0
853,Benjam1,0.8
863,Benji7579,0.0
868,Benoit25,0.0
882,Beren,0.0
891,Berny911,0.0
896,Bertrand Seguy,0.0
904,beu,0.0
909,bibi_lordbrock,0.0
917,biFid,0.0
922,Biggben,0.0
929,Billy2699,0.0
930,Billy_boy,0.0
935,Bintou,0.8
938,biosaurus,0.0
941,BirisC,0.0
942,biscuissec,1.0
945,Bistouri,0.0
946,Bitoubi,0.0
953,blackmambo,0.0
957,blaireau,0.91
959,blakedrake,0.0
962,Blanchon,0.8
967,BldyMorrigane,0.0
969,Blendermen10,0.8
973,BlHd,0.8
981,Bloowt,0.0
990,BMayeur,0.0
991,bmonnet,0.8
993,Bob66300,0.8
998,boblareleve,0.0
1006,Boisfeuras,0.0
1009,Bolide,0.0
1015,Bonks,0.0
1016,Bonscott313,0.0
1022,boris,0.0
1023,Boris,0.8
1024,BorisH,0.0
1027,boronium,0.0
1028,Borys,0.8
1035,Bouclier,0.8
1038,Bougeo73,0.0
1043,Bouli1515,0.8
1048,BourbonKid,0.0
1056,bouyou,0.0
1063,Brainwasher,0.0
1065,B_Rass,0.0
1070,Brekekekeke,0.0
1078,Brocco,0.8
1088,BruGGy,0.0
1096,bruvi,0.8
1099,Btas,0.0
1101,bubonpolisson,0.0
1103,Buche,0.0
1104,bugdaniel,0.0
1111,bussiere,0.0
1115,Bworkone,0.0
1116,bxbxwlnksw,0.0
1125,cachaos64,0.0
1127,cadiou,0.0
1131,CafeKrem,0.8
1134,cainbantam,0.0
1135,caitlin,0.8
1136,caiustullius,0.0
1137,calcium,0.0
1141,camaradeHouitante,0.0
1145,Camila,0.8
1151,CamilleV,0.0
1157,camzt,0.0
1162,Cannonbark,0.0
1169,Capteno,0.0
1171,CapuM,0.0
1176,Cariboul,0.0
1183,Carlsenito,0.0
1194,Casuan,0.0
1195,Catgolin,0.0
1198,CathEther,0.0
1199,Caval,0.0
1201,cazziro,0.0
1203,CB,0.8
1205,cboudou94,0.0
1214,cdandy,0.0
1219,cecile.cayere,0.0
1220,Cécisimple,0.0
1223,ced_c,0.0
1225,cedp,0.0
1226,Cédric,0.0
1234,Céleste,0.0
1236,celian.diblasi.evolution,0.0
1237,Celiatrs,0.8
1244,Cendre,0.0
1250,cerisara.nathan,0.0
1256,Cfj_cgc,0.0
1262,Chacha,0.8
1266,chama,0.0
1270,Champi,0.84
1274,chapelierfou,0.0
1279,Charles689,0.0
1280,charles-alkd,0.0
1283,Charlesdelapommedorée,0.0
1291,CharlieLambda,0.0
1293,Charlink,0.0
1303,chaug,0.8
1304,Chcap,0.0
1307,chelmooz,0.0
1310,Cheshy,0.0
1311,Chev,0.0
1313,Cheveluresoir,0.0
1316,chicco,0.8
1317,Chichikb,0.0
1324,chiliade,0.0
1329,Chlorophylle,0.8
1339,chrisbasura,0.0
1343,Christelleyy,0.8
1347,christian.montana,0.0
1358,CHS,0.0
1360,Chufolon,0.0
1363,Cioon,0.0
1370,Ckln,0.8
1376,clarence.oumoum,0.8
1378,Clarinouille,0.0
1383,claudio.palmari,0.0
1393,ClemEnce,0.0
1400,clement.bertin98,0.0
1406,clementl,0.0
1407,clement.ladier,0.0
1410,Clemenzo,0.0
1413,clemrdh,0.0
1415,clemtif,0.8
1420,clifford1313,0.0
1425,Cloudy,0.8
1432,CML,0.8
1434,cmoi,0.0
1436,CNeyo,0.8
1438,cobalt,0.0
1439,Cobra8,0.0
1444,Coco74600,0.0
1448,COCOW,0.0
1450,codename5281,0.0
1457,Coles,0.0
1459,ColinF,0.8
1464,comehugo,0.8
1466,Commanderiemeo,0.0
1467,ComteHarbour,0.0
1476,contact388,0.0
1477,Contributor 412,0.0
1480,coolcloud,0.0
1489,CorneliusX1,0.0
1495,coscollanodamien,0.0
1498,Costaly,0.0
1505,CounterPuncher,0.0
1513,cp57,0.0
1518,crabpeople,0.0
1522,Crapougnard,0.0
1530,Creeper,0.0
1536,CricriDu31,0.0
1543,crocods,0.0
1546,croguet,0.0
1549,croustilleu,0.0
1551,Crozet,0.0
1557,cthibault3,0.0
1558,cthiounn,0.0
1560,CTP,0.0
1562,Cubix,0.0
1567,cwg314,0.0
1579,Cyllan,0.0
1583,cypriendelmas,0.0
1588,cyrius,0.0
1589,Cytrine_du_93,0.0
1595,Dabfur,0.0
1597,DacODac,0.0
1599,Dadaiste,0.0
1606,Dagorath,0.0
1607,Daguzan,0.0
1612,dalekdalek,0.0
1616,Dalquivive,0.0
1622,Dambond,0.0
1631,damienrogeaudefrance,0.0
1633,damle1,0.0
1642,Damonstrator,0.0
1647,Dan.Bispo,0.0
1650,Daniel_Mallen,0.0
1652,DanielWeisz-Patrault,0.0
1663,DarkBizzu,0.0
1665,darksamor,0.0
1670,Daunter,0.0
1671,dauphin1602,0.0
1675,david0u,0.8
1676,david290101,0.0
1680,Davide,0.0
1686,DavidM,0.0
1688,Davidp,0.8
1690,david.pineda0871,0.0
1691,david_real,0.0
1701,Davyddex,0.92
1705,DC_Rom,0.0
1711,debro,0.0
1713,Decalion,0.0
1715,dedalus_a,0.0
1717,dede2306,0.8
1726,Delminator,0.0
1731,Delroze,0.0
1732,delta,0.0
1735,Delta_India_Mike,0.8
1736,Deltrak,0.0
1738,Demain_en_Solutions,0.0
1740,demjech,0.0
1742,Demokos,0.0
1745,demosthene,0.0
1748,Denisab44,0.0
1750,DenisC,0.0
1756,Derpo,0.0
1765,DexterIzzie,0.0
1768,dflorent.pokap,0.0
1769,Dgel,0.07
1771,dguyomar,0.0
1774,Dheinamar,0.0
1781,diane.marre,0.8
1783,didj7,0.0
1787,Diego Bardiaux,0.8
1789,Diemone,0.0
1791,Dilam,0.0
1795,DimLight12,0.8
1801,diogene22,0.0
1802,dionisos,0.0
1804,DirtyFock,0.0
1806,Disk,0.0
1813,djer13,0.0
1815,Djo,0.8
1816,djobidjoba,0.0
1822,DLK,0.0
1828,docdomi,0.0
1831,DocFred,0.0
1842,Dokk,0.0
1847,Dom_,0.0
1853,Domingav,0.8
1860,Dongi,0.0
1862,dorad,0.0
1865,Dorian,0.8
1866,Doriane,0.0
1870,Dorsan,0.0
1872,Dory,0.0
1877,doubleface,0.0
1881,Dovu,0.0
1889,DragonDwell,0.0
1890,DragonMouse,0.0
1893,draknova,0.0
1903,DrBK,0.0
1909,DreamStorm,0.8
1916,dridou,0.0
1918,dridri,0.0
1930,drupol,0.8
1934,ds.laetitia,0.0
1937,ducatol,0.8
1941,dumpster,0.0
1943,duodiscus,0.0
1944,Dupont-Teigneux,0.0
1952,dxude,0.0
1954,Dynalo,0.8
1963,ecavalli,0.0
1965,echodeltapapa,0.8
1966,eco-lolo,0.0
1970,Edchochotte,0.0
1973,Edencast,0.0
1974,Edgard Leahs,0.8
1977,edikoehn,0.0
1985,edwinleboss,0.0
1992,Efflam,0.8
1995,EGermond,0.0
1996,egignoux,0.8
1999,egu,0.0
2007,elagier,0.0
2008,elaine,0.0
2009,elba,0.0
2015,Elekzar,0.0
2018,elfamosoo,0.0
2026,Eliberias,0.8
2031,elimera,0.0
2033,Eliot,0.0
2041,Eliza,0.0
2046,elliot.guerineau,0.8
2048,El_Lioto,0.0
2050,elliott.ventura,0.0
2053,Elnino,0.0
2064,Elouan,0.0
2066,Elphealer,0.0
2072,El_Roumi,0.0
2079,Em341,0.0
2081,Emagmaster,0.8
2085,Embuscad2,0.0
2090,Emhu,0.0
2093,Émile,0.0
2095,EmilePlato,0.0
2096,Emilie,0.0
2103,emmanuel.chambost,0.0
2104,emmanuel.roux.fr,0.8
2106,Emmeline,0.0
2110,emorege,0.0
2113,Emurikku,0.0
2114,EnavantG,0.0
2116,encolpe,0.0
2118,ende4,0.0
2125,Enima,0.0
2127,Enkariss,0.0
2130,EnochViPariaci,0.0
2131,EnoraS,0.0
2132,enorax,0.0
2138,enzo,0.0
2144,eorsini,0.0
2149,epot,0.8
2152,EPTEPT,0.0
2158,ERCC2028,0.0
2167,eric-lebail,0.0
2169,EricP,0.0
2174,erjia,0.8
2176,Ernestine,0.0
2179,erpi,0.0
2181,Erronna,0.0
2182,Error666,0.0
2186,erwil,0.8
2193,Esp10n,0.0
2197,esteb.reynier,0.0
2203,Ethan,0.8
2208,etienne.clopeau,0.0
2218,Etudiant-Basique,0.0
2228,Evanor,0.0
2234,Everyatis,0.11
2235,Everyatis_,0.0
2240,evrart,0.0
2241,evrtpsyche,0.0
2245,ExceedDream-Info,0.0
2249,Exode,0.0
2252,eynard,0.0
2254,eza,0.0
2258,Fa1610,0.0
2267,fabien35,0.0
2278,Fabou,0.0
2283,FabriceG,0.0
2288,factoriel,0.0
2290,Fadza,0.0
2292,failix,0.0
2293,FalafelAuxCarottes,0.0
2296,Falex,0.0
2303,Fangh,0.0
2305,fantomatique,0.0
2306,Faon,0.0
2314,favela,0.0
2328,fdelplan,0.8
2330,feaudive,0.0
2334,fegillet,0.0
2338,Félix,0.0
2339,FelixDecarbonie,0.0
2340,Félix_Pietruczanis,0.0
2341,FélixRuiz,0.0
2346,fennexc,0.0
2347,Fenouil,0.0
2348,Fenril,0.0
2354,FeynmanKenobi,0.8
2356,FFM,0.0
2357,ffsti,0.8
2366,Filbern,0.0
2372,Firedance,0.0
2374,Firety,0.0
2378,fjag73,0.0
2382,Flafon,0.0
2385,Flanrian,0.0
2386,Flapon,0.0
2388,flave,0.0
2394,Fleg,0.0
2396,fleopaulD,0.0
2401,fley,0.0
2405,Flocon,0.0
2411,floguillet,0.0
2412,Flokh,0.0
2416,floppy,0.0
2419,FloraB,0.8
2425,Florentin,0.0
2428,florian,0.8
2433,FlorianM,0.0
2445,flyos,0.0
2446,F.Marchal-Bornert,0.8
2448,fmortgat,0.0
2451,Fodopgpi,0.0
2452,Foebus,0.84
2453,fofin,0.0
2457,Fontaine123,0.0
2462,forest.horner,0.8
2466,Foueb,0.0
2473,fpzn,0.0
2478,fragan,0.0
2483,framus,0.8
2485,FrancescaLepore,0.8
2492,Franck_M,0.0
2494,Francois,0.0
2497,francois.bruno,0.0
2502,FrancoisLeChampi,0.0
2516,Frauchor,0.0
2518,freavr,0.0
2519,Fred0825,0.0
2523,Fred_Brenez,0.0
2537,fred_thenon,0.0
2540,freegreg,0.0
2545,fremen13,0.0
2550,Frexinet,0.8
2551,frg,0.0
2552,Fried,0.0
2555,FriFy,0.0
2558,Frktr,0.0
2559,frnchfrgg,0.8
2563,from_france,0.81
2570,Fungus-Bob,0.14
2576,Furette35,0.0
2581,Fxgt,0.0
2584,Fyllaws,0.0
2587,fz,0.0
2588,fziehâekfae,0.0
2590,G0G0L,0.0
2595,GabiLior,0.0
2599,Gabs,0.0
2603,gaehlion,0.0
2604,Gael,0.0
2608,Gael_SDMK,0.0
2616,Gaetan_petit,0.0
2617,GaetanTrysi,0.0
2620,Gajyra,0.0
2621,GalacticAura,0.0
2629,Galm_9,0.0
2634,Garalf_le_gris,0.0
2638,Gardjla,0.0
2643,garfield67,0.0
2645,garigou,0.8
2650,Gaspard_med,0.0
2657,Gatopreto,0.0
2658,Gaucher,0.0
2660,Gauthier,0.0
2662,gauthier.voron,0.8
2666,GBIHEL,0.0
2669,gblot,0.0
2670,gbrandt,0.0
2671,gbreteau,0.0
2672,gcher495,0.0
2680,gedeon.pushart,0.0
2686,Gémo,0.0
2693,geoffrey,0.0
2699,Georges_Abitbol,0.0
2703,Gerald_L,0.8
2708,GermainPonpon,0.0
2715,gfg95,0.0
2719,Ghassen,0.0
2727,Gil,0.0
2734,gilles8475,0.0
2740,Gincko,0.0
2745,girard.sydney,0.0
2749,Gl,0.0
2753,Glandulf,0.0
2755,glc,0.8
2761,Globo,0.0
2762,Globulle,0.8
2768,g.loyer,0.0
2772,Gluomme,0.0
2785,Gocuto,0.0
2788,gof_kingnose,0.0
2791,Gogoho88,0.0
2796,Golondrina,0.0
2800,Goomba,0.11
2807,GOS,0.0
2815,goykmol,0.0
2820,grahampaasch,0.0
2826,grandmerlin,0.0
2835,green68,0.0
2837,GreenFrog,0.0
2843,GregFez,0.0
2849,Grelletraph,0.0
2851,griffon,0.8
2860,grop,0.0
2867,GrothenDitQue,0.0
2872,grumpyseed,0.0
2878,gt4w4al,0.0
2883,gueben,0.0
2892,Guidouil,0.0
2894,Guigui220D,0.97
2896,guigui9,0.0
2897,GuiguiBis,0.0
2901,Guilhelm,0.0
2904,GuilhemS,0.8
2908,Guillaume,0.0
2916,guillaumefe,0.0
2918,GuillaumeH,0.0
2921,GuillaumePK,0.8
2925,GuiltyGlitch,0.0
2930,Guivre,0.0
2937,Gus,0.0
2941,gustave,0.0
2950,GuyRouste,0.0
2952,guzmanperez,0.8
2960,GwenXt,0.0
2968,H2PtCl6,0.8
2969,h2zu,0.0
2975,hadh,0.0
2978,haekel,0.0
2979,haelazhar1,0.0
2984,Haipi_,0.0
2987,hakkan156156,0.0
2991,HamsterJovial,0.0
2997,Hantala,0.0
3008,harut,0.0
3009,Haryle,0.0
3010,Hasarian,0.0
3013,Haskeer,0.0
3016,Haz,0.0
3018,Hb,0.0
3023,hdiard,0.0
3031,Helene,0.8
3037,helianthus.annuus,0.0
3042,Helios-火リオス,0.92
3043,Hellébore,0.0
3048,Helm,0.0
3050,Helto78,0.0
3051,Hemel,0.0
3053,henri,0.0
3056,Henri_GEIST,0.0
3059,Hérisson,0.0
3061,hermesksroll,0.0
3064,HernaniTournesol,0.0
3067,Herval,0.0
3070,HerySon,0.96
3077,hfournet,0.0
3082,hicoo,0.0
3086,hildes,0.0
3094,hiouf,0.0
3097,hirowix333,0.0
3098,Hivox7,0.8
3100,Hke,0.0
3101,hl037,0.0
3111,Homer,0.0
3114,hookred,0.0
3115,hosaq,0.0
3116,HoudinicisMedicis,0.0
3133,HuggyLePlombier,0.0
3147,hugo.lecourt,0.8
3150,Hugo_sdt,0.0
3160,Humainlamba,0.0
3164,humisnat,0.0
3167,hy-5,0.0
3170,Hydreo,0.0
3177,I3oris,0.8
3178,IABF,0.0
3183,ianare,0.0
3187,IanoGeek,0.0
3190,I-Azy-I,0.0
3196,IchiSamaFR,0.0
3197,Ichthus,0.0
3199,iChussix,0.0
3206,ifalna,0.8
3209,ignami,0.8
3212,IgorVlad,0.0
3215,iijjaallkkaa,0.07
3223,ilenado,0.0
3228,Iliann.saget,0.8
3233,Iluv,0.0
3237,imagodesframboisiers,0.0
3241,Impero,0.8
3245,InfiNivy,0.0
3251,Insert_Cool_IGN,0.0
3252,Intégralecurviligne,0.0
3258,iouriloup,0.0
3262,ipppllow,0.0
3272,isatis,0.92
3273,Isatis,0.0
3275,isaz24,0.0
3280,Ismiyac,0.0
3289,ivyzyon,0.0
3294,Izimic,0.0
3295,iznogoudatall,0.0
3304,jacaeo,0.0
3315,jacolot,0.0
3321,Jaddarax,0.0
3323,Jaden3k,0.0
3328,jahtovo,0.0
3332,Jakez,0.0
3334,Jalibter,0.0
3340,JanDoktoric,0.8
3342,janobruno,0.0
3344,janusmagnus,0.0
3348,jasminekalstein,0.8
3354,Jay_,0.0
3362,JB3210456789,0.0
3366,jbdh1p3nr,0.0
3369,JBrickelt963,0.0
3372,jc,0.0
3381,jcplessis,0.0
3386,JE,0.0
3387,jean,0.8
3395,Jean_Bond,0.0
3400,Jean-francois,0.0
3401,Jean_G,0.0
3403,JeanJacquesSatan,0.0
3405,Jean-Lou,0.21
3409,JeanMi,0.0
3412,jeannoel34,0.0
3419,jean-Trepran,0.0
3427,Jeff54,0.0
3431,jeje,0.8
3437,jenipapo,0.0
3438,Jenjango,0.0
3442,JéréMie,0.0
3444,JeremiePat,0.0
3445,Jeremy,0.0
3453,Jeromeon,0.8
3456,Jess,0.0
3462,jetou,0.0
3464,Jeudes,0.0
3467,jfbonvin,0.8
3470,jgau,0.0
3471,jgcb00,0.8
3474,jguiheneuf44,0.0
3479,jibe-b,0.0
3480,jicaf97019,0.0
3485,Jim,0.0
3495,JJJG1,0.0
3500,JL1,0.0
3502,jldupont,0.0
3504,JLT,0.8
3513,jmenbalcon,0.0
3519,Jnphdl,0.0
3526,jobellet,0.0
3531,JoeDoe,0.0
3532,joel23,0.0
3535,JoelGermain,0.8
3542,Johann,0.0
3547,JoHero,0.8
3548,john,0.0
3551,JohnArgutie,0.0
3554,JohnDoe,0.0
3557,Johnny,0.0
3561,Jojo,0.8
3566,JojoMyr,0.0
3569,jolan,0.0
3570,joleenj,0.84
3572,Joletaxi,0.0
3575,Joman,0.0
3579,JonasDuvoisin,0.8
3580,Jonat,0.8
3589,JonPeter83,0.0
3595,Jordan_Kai,0.0
3596,Jordan_tournesol,0.0
3599,Jorropo,0.0
3602,josee,0.0
3608,Josias,0.0
3616,Joyce,0.0
3621,jpaoli,0.0
3623,jpcadiat,0.0
3629,jpimhof1,0.0
3633,JPS,0.8
3635,j.ratompo,0.0
3637,jrmouraz,0.0
3644,jsp,0.0
3656,Judas8282,0.0
3662,Juju,0.8
3668,jules,0.0
3670,JulesLegueux,0.0
3680,JulieM,0.0
3683,JulienE,0.0
3684,julien.fageot,0.8
3685,JulienGenoud,0.0
3691,julien_mast,0.8
3696,julienrf,0.8
3700,JulioArturo,0.0
3706,Jumo004,0.0
3708,Junk,0.0
3709,Jurassic_Child,0.0
3710,juriko,0.0
3713,Justinexdecrock,0.8
3721,k80nelson,0.0
3725,Kab,0.0
3726,Kabra,0.0
3735,Kajih,0.92
3740,Kald,0.0
3744,Kalmika,0.0
3751,kamykro,0.0
3756,Kaosce,0.0
3757,kaosm,0.0
3759,kaourantin,0.0
3771,Kasdorel,0.0
3772,Kasix,0.0
3779,kate.megan,0.8
3781,Katokoda,0.8
3782,Kattzen,0.0
3785,Kaxe,0.0
3790,K_D,0.8
3796,Kelevra,0.0
3798,Kelian,0.0
3803,Keluaa,0.0
3807,keniikeni,0.0
3812,ken_tokyo,0.0
3816,kephasp,0.0
3817,Ker,0.0
3826,kesson,0.0
3835,kevinyaya,0.0
3842,Kheris,0.0
3844,khors,0.8
3847,Khyelle,0.11
3851,KifranKober,0.0
3853,kikeryoku,0.0
3855,Kikich,0.0
3864,King_Julian,0.0
3868,KipraukO,0.0
3872,kirua1234,0.8
3873,kitsukihako33,0.0
3882,Klouffy,0.0
3886,KMR1,0.0
3889,Knohll,0.0
3897,KoliaW,0.0
3901,Koneko,0.0
3902,KontainPluton,0.8
3903,KooK_,0.0
3906,Korial,0.0
3910,kouett,0.0
3912,Koun,0.0
3913,Kouyère,0.0
3916,kradimir,0.8
3920,Kreahzer,0.0
3924,kriom,0.0
3926,Kris,0.0
3930,kristinof,0.0
3936,krominou,0.8
3937,KronosIII,0.0
3940,Krouger,0.0
3942,Krunv,0.0
3945,krzysfr,0.0
3951,KuidZ,0.8
3957,Kwak,0.0
3962,Kylkanaan,0.0
3970,kyure,0.0
3974,Labeiros,0.0
3975,La_Biologie,0.0
3980,Ladyfae,0.0
3983,lafabriquesociale,0.17
3984,LaFontaineÔsecours,0.09
3985,Lahire,0.8
3989,lalejand,0.0
3994,lamala,0.0
3998,lambertarthur222,0.0
4001,Lamiut,0.8
4002,lampadaire_rouge,0.0
4005,LANGENIER,0.0
4010,lapetiteligne,0.0
4012,Lapin_des_montagnes,0.0
4013,LapinLambda,0.1
4015,Larazouna,0.0
4018,larpinus,0.8
4024,Lasagne77,0.0
4026,Lassie,0.0
4027,Lastreaumont,0.0
4030,latarte,0.0
4035,LauraM,0.0
4044,Laurent_A,0.0
4045,laurent.claessens,0.0
4050,Laurent_Keiff,0.0
4052,LaurentR,0.8
4055,Laurie,0.0
4060,LautreFrançois,0.0
4064,Laxario,0.0
4069,Lbadikho,0.8
4075,LDe,0.0
4080,le_barman_haletant,0.8
4088,lechevalier,0.0
4090,Le_Comte_Hamporain,0.0
4092,leDéfaillant,0.0
4096,lee_couchette,0.0
4098,Leetche,0.0
4101,leFlexiterrien,0.0
4105,LeG,0.0
4108,Legoujon,0.0
4117,LekSeng,0.0
4121,lelio,0.0
4122,Lelmose,0.8
4123,Le_M,0.8
4127,LeMayare,0.8
4132,Lena.C,0.0
4137,leobuecher,0.0
4138,LéoDana,0.8
4143,Leolecolo,0.0
4145,Léon,0.0
4152,leopaul314,0.8
4157,Leoryel,0.0
4160,Lep,0.0
4162,leparasiteduchat,0.8
4164,lepikans,0.0
4170,LePrinceTortue,0.0
4174,le_science4all,1.0
4177,leshistoiresduperevincent,0.0
4184,lestylow,0.0
4191,Letronc,0.0
4194,Le_Vagabond,0.0
4200,lewisk,0.0
4201,lexiab,0.0
4210,Lheureux,0.0
4212,Libell,0.0
4217,Life,0.0
4220,lighght,0.0
4221,LightKnight,0.0
4228,lilagauthier,0.8
4230,lilbey,0.0
4232,lilian,0.0
4238,Lilou_masquee,0.0
4240,Lily_Dasu,0.0
4246,lindryo,0.0
4247,lindsayalaubacher,0.8
4248,Line_Dup,0.0
4251,lioneldeveaux,0.8
4252,Lionel.F,0.0
4255,LionelJaquet,0.0
4257,Lion_pourpre,0.0
4258,lipki,0.0
4260,Lisa,0.0
4263,Lise_Moon,0.0
4267,litelfifi,0.0
4272,lizher.trap,0.0
4273,lju,0.0
4278,lmaisonneuve,0.0
4280,lmzr,0.0
4288,logan.oneill,0.8
4293,Loic,0.0
4296,Lois_ECOFFET,0.8
4299,loliv,0.0
4307,loockeeer,0.0
4314,Lopilopi,0.0
4315,Lopuzal,0.8
4316,LoranG,0.0
4319,Lordhellfire,0.0
4320,LordMouton,0.0
4321,Lorenzo,0.0
4326,LoSh,0.8
4333,Lou213,0.0
4338,loucool,0.0
4348,Louisbelle,0.0
4349,louisbetzer,0.8
4351,louise,0.0
4353,louisg,0.0
4359,LouisMarolleau,0.0
4365,Loujo,0.0
4367,Loulalie,0.0
4370,louou,0.0
4373,LouPelut,0.0
4383,LoWe,0.0
4385,Lp,0.0
4387,lpfaucon,1.0
4393,LSA_888,0.0
4399,lu,0.0
4400,LucaLani,0.0
4407,lucasmuller414,0.8
4417,Lucia,0.0
4419,LucieA,0.0
4427,lucky,0.0
4429,LuckyLuc,0.0
4431,lucluc,0.0
4434,LucW,0.0
4439,ludo894,0.0
4442,LUDOMIR,0.0
4445,Ludovic200,0.0
4451,Luimême,0.0
4453,Luisa,0.0
4463,luluzabo,0.0
4467,lumis12,0.0
4468,Lunairement,0.0
4471,Lunokhod,0.0
4483,Lyes,0.0
4484,LyFecha,0.0
4487,lynx,0.8
4488,Lyon2,0.8
4489,LyonVince,0.0
4491,Lyu,0.8
4493,M9l0m6n,0.0
4496,Maaltir,0.0
4498,mabouya,0.0
4503,machandeze,0.92
4504,Machriva,0.0
4511,mactul,0.0
4513,madabliom,0.0
4520,mademoiselle-watson,0.0
4524,MadMat,0.0
4535,Maero,0.0
4537,maey,0.0
4540,Magalie,0.0
4541,magavich,0.0
4543,magicletur,0.0
4545,maginth,0.0
4547,magual,0.0
4549,Maht,0.0
4554,Majouble,0.0
4560,Makyro,0.0
4568,Malizam,0.0
4574,Malssum,0.0
4581,Mamie_Nova,0.0
4582,Mamieyo,0.0
4587,manalfer,0.0
4596,Manel.cherrak,0.0
4599,ManoCor,0.8
4606,Mantis,0.0
4611,manugira,0.0
4614,ManUtopiK,0.0
4616,Mapi,0.0
4619,Marc2718,0.0
4626,Marcassin,0.0
4638,MarcHennico,0.0
4641,Marco_Poulain,0.0
4647,Marduk,0.0
4649,Maret,0.0
4655,mariametig,0.8
4658,mariarjs,0.8
4659,mariawebb,0.8
4661,marie,0.8
4671,Marion,0.8
4677,mariusdubosc,0.0
4679,Marlene,0.0
4681,Marlonelias,0.8
4682,maroxib,0.0
4689,martin.barry,0.0
4700,Martin_Who,0.0
4706,Masherbrum,0.0
4709,Mastersloth,0.0
4713,matéo,0.0
4715,Mateye,0.0
4722,mathias38000,0.0
4723,mathias.soulhol2,0.0
4724,Mathieu1000,0.0
4726,mathieub,0.0
4734,MathieuNog,0.0
4738,MathieuTalon,0.0
4742,MathisJacquesGeorges,0.0
4745,MathouLrt,0.0
4747,Mathurin,0.0
4749,matildepassera,0.8
4754,Matmaxd,0.0
4760,MatriceJacobine,0.0
4763,matt,0.0
4764,Matt,0.8
4766,MattCNRS,0.8
4768,Mattherix,0.0
4770,matthias.aveddo,0.0
4771,Matthieu_C,0.0
4772,MatthieuC,0.0
4778,matthis.maupas,0.0
4783,mattmatthieu,0.0
4788,Mattyghan,0.0
4791,Maudg,0.0
4795,maverick,0.0
4800,Maxas1,0.0
4802,MaxBdn,0.0
4807,Maxe,0.0
4813,maxgag,0.0
4820,-Maxime-,0.0
4821,Maxime,0.92
4830,maxime.robinne,0.0
4831,MaximeViala,0.8
4832,maximiliense,0.8
4835,MaxP,0.0
4840,Max-xaM,0.0
4847,mazerti,0.0
4852,MBch,0.0
4858,mchammings,0.0
4861,MCL186,0.0
4865,mdjsam,0.0
4870,Méandre,0.8
4874,megaLUS13,0.8
4877,megs,0.8
4880,Mehdi,0.8
4892,melouais,0.0
4898,Menethar,0.0
4902,Mentel,0.8
4908,Merynce,0.0
4911,MestreBelette,0.0
4917,Metaxu,0.0
4921,mfreeze,0.0
4922,mgregorio,0.0
4923,mgth,0.0
4927,MiaAnge,0.8
4930,Miaoule,0.0
4937,MichaelLy,0.0
4939,michell,0.0
4943,michlaf61,0.0
4953,Midday,0.8
4955,Midou1966,0.0
4964,Mike-le-Terrien,0.0
4965,MikeO,0.0
4966,MikeTheBike81,0.0
4969,mil,0.0
4971,Milanaarz,0.8
4974,MilkyH2O,0.0
4975,MilleSabords,0.0
4979,Mimil_,0.0
4984,Mini,0.0
4989,minrunshi,0.8
4993,MiracleMaax,0.8
5000,Misk,0.0
5002,MissedClic,0.0
5015,Mittvood,0.0
5018,mjsith13,0.0
5025,mma,0.0
5026,MMA,0.0
5032,Moanho,0.0
5038,Mogow,0.0
5042,Mohamed_Kattra,0.0
5050,Moïse,0.0
5054,Mole,0.0
5056,moltonel,0.0
5058,Momed,0.0
5064,momomiamiam,0.0
5066,mongtsing,0.0
5071,MonsieurPou,0.8
5076,MoonKnight,0.0
5084,Morgrommir,0.0
5089,moro,0.0
5093,MorpheeD,0.0
5097,Motomotomas,0.0
5100,moumouzz,0.0
5103,mousman,0.0
5111,MrBrumaire,0.8
5113,MrChamo,0.04
5114,MrEpicKiwi,0.0
5122,mrmatthias,0.0
5123,mrmick,0.8
5124,MrMumu,0.0
5136,Msalmon,0.0
5138,mserranorichez,0.8
5144,Muetdhiv3r,0.0
5150,Mur2Fer,0.0
5157,Mussaka,0.0
5158,Mutre,0.0
5160,mvk,0.8
5162,mw8,0.0
5170,mylouneb,0.0
5176,myself,0.0
5181,Naash,0.0
5188,NadiaJl,0.0
5191,Nael,0.8
5196,Naheulf,0.0
5199,Nainai,0.0
5202,Naivuon,0.8
5205,nalban,0.0
5211,Nano,0.0
5213,Nanomaniach,0.0
5219,Narada,0.8
5225,Narog,0.0
5231,Natebe,0.0
5238,Nathan31,0.0
5241,NathanColl1,0.0
5247,NatNgs,0.22
5252,Naw,0.0
5258,ncarcail,0.0
5264,Neafs,0.0
5267,neborion,0.0
5275,neilatinc,0.0
5278,NeilRyanBlack,0.0
5283,Nekkets,0.0
5287,nélifar,0.0
5288,Nelson,0.0
5293,NEM0Z,0.0
5295,Némo,0.0
5299,neo_greg,0.0
5305,neomilium,0.0
5307,neoneuro,0.0
5311,NeoZer0,0.0
5312,Nepomucene,0.8
5317,Nesta,0.0
5324,newatir,0.0
5325,Neway,0.0
5329,NeyliaRG,0.8
5332,-NFW-Yates-,0.0
5335,NGOW,0.0
5337,nguyen_laurent,0.0
5344,Nic,0.0
5350,ni.co.,0.0
5356,Nico80,0.0
5361,Nicode,0.0
5366,NicoFep,0.0
5368,nicolantenois,0.8
5370,Nicolas21,0.0
5374,Nicolasagna,0.0
5376,NicolasD,0.0
5378,NicolasDu,0.0
5388,nicolas.ribeyre,0.0
5395,nicotibo,0.0
5398,Nierin,0.0
5402,night,0.0
5406,Niji,0.0
5408,nikitamyheart,0.8
5412,nikokks,0.0
5419,NilsVDB,0.0
5421,nimajneb,0.0
5426,Ninno,0.8
5430,Niralod,0.0
5434,Nithuya,0.8
5439,nlhm,0.0
5444,Nnicolas,0.0
5445,nnmrts,0.0
5448,Noam,0.0
5449,NoaPe,0.0
5450,noar,0.8
5452,NoBody,0.0
5458,Noe_Gruget,0.0
5461,NoelleDF,0.0
5463,NoeRabaud,0.0
5466,NoGoLo,0.8
5470,Nojan,0.0
5476,nomalisa,0.8
5485,Nono666,0.0
5492,NO_Pasaran,0.8
5495,Norbebert,0.0
5498,Norbert42,0.0
5504,Nostapouik,0.0
5507,Note_Damien,0.0
5509,NounoursPanda,0.0
5516,noxisumbrae,0.0
5520,NozaSp,0.0
5524,nprime496,0.0
5529,Nsy,0.0
5530,nt22,0.0
5538,Nurman,0.0
5545,nymmartin,0.8
5549,Nyxie,0.0
5552,Ob,0.0
5556,Obilolo,0.0
5559,obli34,0.8
5565,Octavius,0.0
5566,odalise33,0.0
5574,ogm,0.0
5580,ok3z,0.0
5585,oldboy,0.0
5591,Olf,0.0
5594,Oliquero,0.0
5599,olivier.avellan,0.0
5610,olly_futur,0.0
5614,olyweb,0.0
5618,Omi,0.04
5624,OnEstTropDansMaTête,0.0
5627,OnOff,0.0
5629,ooberholzer,0.0
5634,opengolfSuturing,0.0
5637,Optima,0.0
5641,orabh,0.0
5642,Orage_Mordu,0.0
5647,Orel,0.0
5656,Oroborus,0.0
5661,OrsoF,0.0
5662,orthosol,0.0
5665,Oscar_Pasta,0.0
5667,oscarv,0.85
5671,OsKaR31415,0.8
5678,Ota,0.0
5684,Ouinon,0.0
5688,Ourcoloque,0.0
5697,Owrel,0.8
5700,oxyde,0.0
5703,oznog,0.0
5705,ozzaa128,0.0
5711,PA,0.0
5715,Pachou,0.0
5719,pad,0.0
5725,pakke,0.0
5728,Paloth,0.0
5732,pampam,0.0
5738,PandiPanda,0.0
5739,PandorasRed,0.0
5746,Panrha,0.0
5750,Papier,0.0
5760,Paracetamol,0.8
5761,paradoxe,0.0
5765,ParaMick,0.0
5768,Pardel,0.8
5774,Pascool,0.0
5782,Pastèque,0.0
5786,Pata,0.0
5787,Patafikss,0.0
5791,Patapon,0.0
5795,patcian,0.0
5801,PatMJ,0.0
5814,PaulBithmut,0.0
5819,PaulineD,0.0
5826,Paul-R,0.0
5831,Paÿpaÿ,0.0
5834,pazazel,0.0
5837,pbl,0.8
5843,pcauchy,0.0
5845,pconort,0.8
5846,Peaupote,0.0
5850,pedro_rouge,0.0
5851,Peduch,0.0
5854,Penncroff,0.0
5859,peotr26,0.0
5860,Pépéjo,0.0
5861,Pépino,0.0
5862,Pepper,0.0
5865,Peragus,0.0
5866,Perceval+Caradoc,0.0
5872,Périhélie,0.0
5880,petitDodo2369,0.0
5883,Petithom,0.0
5888,petrus,0.0
5894,pfevrety2,0.0
5898,PGreb,0.0
5908,phenix99,0.0
5919,Philippe,0.0
5931,phoebzz,0.0
5935,PHPierre,0.0
5939,Phyz,0.8
5942,PiBey,0.0
5956,Pierre_165,0.8
5966,PierreCommes,0.0
5968,pierre.duriez92,0.0
5973,PierreHoudayer,0.8
5974,PierreL,0.8
5977,Pierre M,0.92
5980,Pierre-Olivier,0.0
5988,pierretran,0.0
5991,Pierriroule,0.0
5996,PierrotIV,0.0
5998,Pierucc,0.0
6001,PiffPaffPouff,0.8
6006,Pilgrim,0.8
6015,pineapplegodguy,0.0
6017,Pingouin33,0.0
6020,PinkPillow,0.0
6028,Pipouan,0.0
6029,Piquemal,0.0
6033,Pirmk,0.0
6035,piromagnus,0.8
6043,pissenlit,0.0
6050,pixipixi,0.0
6059,Planchenault,0.0
6064,Platy1312,0.0
6067,plelievre,0.0
6069,PLinho,0.0
6073,ploploplop,0.0
6085,pmdaguet,0.0
6089,Pohoua,0.0
6094,Pokodeio,0.0
6099,polaroid2002,0.0
6100,polarolouis,0.0
6108,Poloroti,0.0
6115,PorcPiquant,0.0
6121,Poubelle,0.0
6124,Poufpouf,0.09
6131,Pounamou,0.0
6134,poussinbleu,0.0
6135,PoussinVert,0.0
6141,pqp,0.0
6144,pr_atomic,0.0
6149,Primerose,0.8
6150,Priscilla,0.0
6155,Proff77,0.0
6156,profmicgad,0.8
6159,prog-x,0.0
6166,prRoumanet,0.8
6173,Pterygoidien,0.0
6181,Punpun,0.0
6188,pymistiaen,0.0
6190,PyrDeus,0.0
6191,Pyrosh,0.0
6194,Pyroxis9768,0.8
6199,qbouccin,0.8
6201,Qed,0.8
6202,qenydir,0.0
6209,QuantumSoul,0.0
6213,Quent,0.0
6219,quentinG,0.81
6220,QuentinJ,0.0
6221,Quentinl,0.0
6225,QuentinPara,0.0
6226,querelle,0.0
6232,Qzdxx,0.0
6238,r4m4n,0.0
6243,rackham,0.0
6245,Radamanthe,0.0
6255,Rafka,0.8
6260,Ragoudcep,0.0
6265,Rainc,0.0
6269,Raky,0.8
6271,ralfi2,0.0
6275,rambip,0.0
6276,Rame,0.0
6282,Ranosuki,0.0
6290,Raphaël,0.8
6300,raphaelreme,0.0
6303,RaphAstronome,0.8
6305,raphernotte,0.0
6311,raratak,0.0
6312,Raripion,0.0
6313,Rascar,0.0
6314,Rasgardo,0.0
6315,Rasp,0.0
6329,rayan,0.0
6337,razmio,0.0
6345,RecomComp,0.0
6350,Redge,0.0
6353,RedGuff,0.0
6355,redouane1_,0.0
6357,Redswap,0.8
6359,reepier,0.0
6365,Reinrag,0.0
6371,remax,0.0
6373,remgre,0.0
6377,RémiBissy,0.0
6378,remicoreen,0.0
6386,remitche,0.8
6388,REMqb,0.0
6393,RémyG,0.0
6395,remyrdd,0.0
6401,ReNé,0.8
6404,Resppo,0.0
6407,Revan,0.0
6408,RevolutionFever,0.0
6410,Reyla98,0.0
6411,Rezus,0.0
6419,riba66,0.0
6427,richard,0.0
6440,Ridlaid,0.0
6443,riks1980,0.0
6446,rionnoip,0.0
6447,Riri,0.8
6451,RJD,0.0
6454,rlubin,0.0
6455,RM,0.0
6456,rmahmoud,0.0
6463,rnollet,0.0
6465,Rob1,0.0
6467,RobbieVanPersil,0.0
6474,robink,0.0
6477,Robson,0.0
6480,RoDeau,0.0
6488,RogerValentine,0.8
6497,romain1208,0.0
6502,RomainDewaele,0.0
6507,RomainM,0.0
6509,Romain_PC,0.81
6511,RomainVet,0.0
6515,Roman_Stemplowski,0.8
6522,ronnay,0.8
6527,roptat,0.8
6535,rotaroced_,0.0
6541,roul,0.0
6548,Rozwee,0.0
6553,ruadh,0.0
6558,rubor33,0.0
6575,Saca,0.0
6576,SachaAlex,0.0
6581,Safara,0.0
6584,saifaa,0.0
6591,Sakarov,0.8
6594,Salammbo,0.0
6595,Salamy,0.0
6596,SALIS,0.0
6600,salut,0.8
6605,sam,0.8
6608,samaroc,0.0
6621,samsja,0.0
6625,Samuelfetri,0.0
6626,samuelnihoul1,0.8
6628,Samulus.i.n,0.0
6631,samy.rezzouqi,0.0
6643,sarahGé,0.0
6645,sarcosuchus,0.0
6648,sashira,0.0
6649,Saskia,0.0
6656,SavantFou,0.0
6659,Sayu,0.8
6660,sbernard,0.0
6665,scar,0.0
6667,Scarflox,0.0
6668,scayrol,0.0
6669,Scentynelle,0.0
6673,schellekensv,0.0
6674,schmetter,0.0
6679,Sciencecool,0.0
6685,scorzen,0.0
6691,SDK,0.0
6698,sebabalos,0.0
6704,sebbod,0.0
6708,SebG,0.0
6713,Seb Mantel,0.8
6719,Sebtantesept,0.0
6720,sebu,0.0
6728,Seglinglin,0.8
6731,Seiken,0.0
6735,Selasserre,0.0
6739,Semarada,0.8
6743,Sephi26,0.0
6745,Sera,0.8
6748,sergei,0.8
6749,sergent_merguez,0.0
6750,sergi,0.0
6756,Setomas,0.0
6759,severine,0.0
6762,Seyrbeyr,0.0
6763,sg29,0.0
6764,sgrall,0.0
6766,sh3xe,0.0
6768,shadock,0.0
6770,Shadow_Doctor,0.0
6773,Shaïman,0.0
6779,Shao,0.8
6785,Shiaroku,0.8
6792,ShinobiWataaa,0.8
6797,shnorbluk,0.0
6803,shykiro,0.0
6812,Siirak,0.0
6819,Silouane,0.0
6822,Sim,0.0
6825,SimGus,0.0
6826,simon.arduin,0.0
6832,simon.hay,0.0
6840,simsom,0.0
6841,simulink,0.0
6844,Sinay,0.0
6848,SiobudC17,0.0
6850,Siraca,0.0
6859,Sirtyl,0.0
6864,Siyah,0.0
6869,SkeptRaiser,0.0
6875,Skonike,0.0
6882,slandais,0.0
6885,Slavi,0.0
6893,Slithering,0.0
6896,Sloaww,0.0
6903,smad,0.0
6910,Smyrne,0.0
6914,snipe2004,0.0
6923,Sofiane_C,0.8
6933,Solatium,0.0
6938,SolipsisteMaisSympa,0.0
6940,soloyant,0.0
6944,sombrero,0.0
6948,sophia,0.0
6952,soso49,0.0
6957,soulisalmed,0.0
6964,soymaria,0.8
6966,SP,0.0
6972,sparkle,0.0
6973,SparklingMushroom,0.0
6979,SpiderGwen,0.0
6982,Spimpao,0.0
6990,Spoony,0.0
6999,squibix,0.0
7006,ssteinma,0.0
7012,stanley,0.0
7014,Stanzach,0.0
7015,starduck78,0.0
7025,stefouneto,0.0
7029,Stély,0.0
7034,Steph90,0.0
7038,Stéphane_Clerc,0.0
7044,steve,0.0
7045,SteveKatuaDa,0.0
7051,Stoil,0.0
7053,stombaker,0.0
7058,strangery,0.0
7061,strobovsky,0.0
7069,suaudeau,0.0
7075,sulian,0.8
7079,sultory,0.0
7083,sunmat,0.0
7085,sunoc,0.8
7087,SuperBalez,0.8
7095,Superoi,0.0
7099,Superwet1441,0.0
7100,suppayakisoba,0.0
7101,supramaXx,0.0
7102,Surftereza,0.0
7108,Susmitha,0.8
7113,Svat,0.0
7116,Sw_aa_nn,0.0
7122,Sxilderik,0.0
7127,Syd,0.0
7128,SydJim,0.0
7133,Sylaac,0.0
7141,sylvainberube,0.0
7149,Sylvie,0.0
7153,Synthesprit,0.0
7160,t0pz,0.0
7162,t4nuki,0.0
7166,Taffoni_Pyrope,0.0
7175,Talisma,0.0
7178,tamaraa,0.8
7179,tambourinesbastes,0.8
7180,Tametis,0.0
7185,Tang33k,0.81
7188,tanguy_jvt,0.0
7189,tangwuji,0.0
7192,Tao8,0.0
7198,Tarcisius,0.8
7199,tardi,0.0
7204,Tark_Fator,0.0
7205,Tarta,0.0
7209,tartiflette,0.0
7210,TartineVaillante,0.0
7213,Tarvathorg,0.0
7217,Taupe_au_Log,0.0
7218,Tayi,0.0
7223,TBouquier,0.0
7227,tchernomax,0.0
7233,team667,0.0
7240,Teldox,0.0
7247,Tenshin,0.0
7249,TERMOZ,0.0
7256,tesseract,0.8
7261,test_icule,0.0
7267,TFC,0.0
7268,tforgione,0.8
7272,th2o,0.0
7275,thamieu,0.0
7283,TheD4rkkill3r,0.0
7285,TheFatMagi,0.0
7290,The_Honey_Cat,0.0
7293,TheLastCookie,0.91
7295,Thelinab,0.0
7297,Themaya,0.8
7305,Théob,0.0
7310,Theogab,0.8
7319,Theo_Sgl,0.0
7324,thephaco,0.0
7325,Thermo_Pierrot,0.0
7331,thexoim,0.0
7332,thib,0.0
7334,Thibault_,0.0
7340,Thibo,0.0
7341,thibogo,0.0
7350,Thingy,0.0
7356,thomas,0.0
7365,Thomas_DC,0.0
7367,Thomas Fiolet,0.0
7369,Thomasletocart,0.0
7370,ThomasLr,0.0
7371,thomas_mccartney,0.0
7376,thomas_v_hardy,0.8
7378,thomatesque,0.0
7380,thoms,0.0
7384,thoven,0.0
7386,Thread,0.0
7388,Thual,0.0
7389,ThugFou,0.8
7394,Thynes,0.8
7399,tibal,0.0
7403,tibo1998,0.0
7408,Tiennoux,0.0
7412,tihboh,0.0
7416,tilouli,0.0
7420,Timal,0.0
7421,timber,0.13
7422,Timecut_str,0.0
7428,Timot,0.0
7433,tinetine,0.11
7437,Tintama,0.0
7446,tiribzh2,0.0
7448,Tit0uan,0.86
7449,Tit0un,0.0
7451,Titi2136,0.0
7456,Titouan0200,0.0
7463,Titouxt31,0.0
7465,Tivenla,0.0
7466,Tiwo,0.0
7470,TJ,0.0
7471,TjejiM,0.0
7474,tl,0.8
7479,TlT,0.8
7490,Tocqueville01,0.0
7497,Tointoin,0.0
7505,Tomas,0.0
7512,TomLAROCHE26,0.0
7514,Tom_MacWhirr,0.0
7515,Tommy,0.0
7516,Tommy.B,0.0
7520,TomSol,0.0
7524,Tongdao,0.0
7529,Tony22,0.0
7535,Tooroop,0.0
7541,TormilonLeSage,0.0
7551,Totoutoy24,0.0
7557,TourFL,0.8
7567,Tournesoho,0.0
7571,TournesolLive,0.0
7572,tournesolllllllllllllllllllllllllllllllllll,0.0
7584,Toxunix,0.0
7588,Trakks,0.8
7593,Traroth,0.0
7596,Travis,0.0
7601,Trerare,0.0
7609,Trisdan7,0.0
7610,Triskel78,0.0
7616,tristan_martin,0.0
7622,trolin,0.0
7623,tromatojuice,0.0
7626,Troposphere100,0.0
7627,Troupal,0.0
7628,trstn mnr,0.8
7630,TruLib,0.0
7633,Tryphon,0.0
7634,T-Ryx,0.0
7636,Tsamuz,0.0
7637,tsanchez,0.8
7638,tsaquet,0.8
7643,T_touline,0.0
7646,Tungom,0.0
7652,turtle,0.0
7655,tutti,0.0
7659,twotiMart,0.0
7661,Tybau75,0.0
7666,TylerKlimos,0.8
7676,Ubini,0.0
7684,Ugo,0.8
7687,ui,0.0
7692,Uleacien,0.0
7695,UltraLcD,0.0
7700,ulyssepillon,0.0
7705,umzhefmibqevkjnslj,0.8
7707,Undesdeux,0.0
7710,UnFefeSauvage,0.0
7714,Unixcorn,0.0
7717,un.percepteur,0.0
7721,upog,0.0
7722,Urendale,0.0
7731,user3939,0.0
7732,user7123,0.8
7733,user7303,0.0
7737,user_A,0.0
7747,vajom,0.8
7752,Valcor,0.0
7753,valdigula,0.0
7755,Valentin,0.0
7756,Valentin.all,0.0
7758,Valentin.Regnault,0.0
7762,Valerian,0.0
7765,valerie.caroff1,0.0
7771,vallala3,0.0
7776,valoulef,0.0
7781,vanefillubie,0.0
7782,Vanessa Billon,0.0
7787,VaraStar,0.0
7788,Vargarys,0.0
7790,VARVARI,0.0
7798,vchampaney,0.0
7800,vdubus,0.0
7806,Veka,0.0
7811,Verbal_Kint,0.8
7813,vero,0.14
7814,VertPelican,0.8
7815,verynoob,0.0
7819,vialaneixa,0.0
7822,vic2000,0.0
7831,Victor_B,0.0
7833,Victornesol,0.0
7839,Vicx,0.0
7840,vidiaferia,0.8
7844,Vii,0.0
7847,Vilĉjo,0.11
7854,vinceathome,0.0
7856,vince.demont,0.0
7860,vincent.,0.0
7865,Vincent_BZH,0.0
7868,VincentDD,0.8
7877,Violette,0.0
7883,virttom007,0.0
7884,visionnary.sama,0.0
7891,Vivien1985,0.0
7894,Vixo,0.0
7901,vlvrd1,0.0
7903,vmaupas,0.0
7904,vmorand,0.0
7905,Vneb23,0.0
7915,voxaba,0.0
7921,VSimP,0.8
7927,VValden,0.0
7928,vvm,0.0
7935,Wabi_Sabi,0.0
7937,waeo,0.0
7948,WanderingPseudointellectual,0.8
7949,Wandrille,0.9
7951,wareita,0.0
7959,Watewmark,0.0
7975,wellan38,0.0
7977,Weny,0.0
7983,white,0.89
7984,whysmexistence,0.0
7989,willa,0.8
7992,Williamfr,0.0
7996,wilonweb,0.0
8005,Wivresse,0.0
8008,wnrpaul,0.0
8013,worms,0.0
8018,Wreckless,0.0
8020,Wurden,0.0
8026,wywhe,0.0
8030,xaintrailles,0.0
8032,XanderLeaDaren,0.8
8033,Xaraz,0.0
8037,xavichou,0.8
8047,XBlast,0.0
8048,X-CoM-Fr,0.0
8049,Xeandro,0.0
8052,Xenos78,0.0
8058,xinig82128,0.0
8064,Xonram,0.0
8069,Xoumax,0.0
8073,Xwave101,0.0
8082,yan_dm,0.0
8087,yann,0.0
8090,Yann79,0.0
8101,yannimassi,0.0
8115,yassinefekih,0.0
8121,yazul,0.0
8125,Yelahnau,0.0
8129,YG,0.0
8135,Yioxe,0.0
8141,Ylaff,0.0
8146,YO,0.0
8150,yoann.lm,0.0
8151,yoda.sky,0.0
8159,Yokonak,0.0
8162,yoloswag,0.0
8166,Yo_oY,0.0
8168,yorunohikage,0.0
8173,Youka,0.0
8180,Youpla,0.0
8181,Youri,0.0
8184,Yoyo44,0.0
8188,ypcht,0.0
8194,Yrtiop,0.0
8199,Yttrium,0.0
8202,Yuélia,0.0
8206,Yuki,0.0
8207,Yukimigiku,0.0
8208,yukit,0.0
8209,yulia.kapelka,0.8
8212,yup,0.8
8220,yvesposiere,0.0
8222,Yvv,0.0
8226,Zac,0.0
8230,Zag,0.8
8236,zalsic,0.0
8237,zaltarba,0.8
8239,zanasco,0.0
8242,Zar,0.0
8247,zaugg.loic,0.0
8252,zblah,0.0
8255,zbofex,0.0
8258,Zebluenote,0.0
8262,Zéfling,0.0
8263,ZeFrentchLurner,0.0
8265,Zekk,0.8
8266,Zel,0.8
8272,Zende,0.0
8274,zeno,0.8
8280,Zerathyon,0.0
8281,ZeRemz,0.0
8285,Zetary,0.8
8288,Zeutrey,0.0
8295,Zifuko,0.0
8298,Zircon,0.0
8302,zlita,0.11
8308,Zola,0.8
8319,Zoreye,0.0
8325,Zouzou,0.0
8331,zuwyx,0.0
8336,zzoo,0.0
8339,ᛗᚨᛏ,0.0
