,by_username,to_username,value
0,ABX,Everyatis,1.0
3,aidjango,amatissart,1.0
4,aidjango,biscuissec,1.0
5,aidjango,Foebus,1.0
6,aidjango,Jean-Lou,1.0
7,aidjango,joleenj,1.0
8,aidjango,lafabriquesociale,1.0
9,aidjango,le_science4all,1.0
10,aidjango,lpfaucon,1.0
11,aidjango,NatNgs,1.0
12,aidjango,timber,1.0
13,aidjango,Tit0uan,1.0
14,aidjango,vero,1.0
15,aidjango,white,1.0
16,amatissart,aidjango,1.0
17,amatissart,biscuissec,1.0
18,amatissart,Fungus-Bob,1.0
19,amatissart,Jean-Lou,1.0
20,amatissart,lafabriquesociale,1.0
21,amatissart,LapinLambda,1.0
22,amatissart,le_science4all,1.0
23,amatissart,lpfaucon,1.0
24,amatissart,NatNgs,1.0
25,amatissart,oscarv,1.0
28,ben75020,Neway,1.0
31,biscuissec,aidjango,1.0
32,biscuissec,amatissart,1.0
33,biscuissec,a_rausch,1.0
34,biscuissec,Fungus-Bob,1.0
35,biscuissec,HerySon,1.0
36,biscuissec,Jean-Lou,1.0
37,biscuissec,LapinLambda,1.0
38,biscuissec,le_science4all,1.0
39,biscuissec,lpfaucon,1.0
42,biscuissec,Omi,1.0
43,biscuissec,timber,1.0
44,blaireau,Guigui220D,1.0
47,Champi,Dgel,1.0
48,Champi,iijjaallkkaa,1.0
50,Champi,NatNgs,1.0
51,Davyddex,isatis,1.0
53,Dgel,Champi,1.0
59,Everyatis,ABX,1.0
60,Foebus,Goomba,1.0
61,from_france,LaFontaineÔsecours,1.0
62,from_france,le_science4all,1.0
66,Guigui220D,blaireau,1.0
67,Guigui220D,TheLastCookie,1.0
68,Helios-火リオス,Maxime,1.0
70,HerySon,biscuissec,1.0
71,HerySon,lafabriquesociale,1.0
72,HerySon,Poufpouf,1.0
74,HerySon,Wandrille,1.0
75,isatis,Davyddex,1.0
76,joleenj,aidjango,1.0
77,joleenj,vero,1.0
78,julien.fageot,aidjango,1.0
79,julien.fageot,le_science4all,1.0
81,Khyelle,Tang33k,1.0
82,kirua1234,zlita,1.0
83,lafabriquesociale,Jean-Lou,1.0
84,LaFontaineÔsecours,from_france,1.0
85,le_science4all,aidjango,1.0
86,le_science4all,amatissart,1.0
87,le_science4all,biscuissec,1.0
88,le_science4all,lpfaucon,1.0
89,lpfaucon,aidjango,1.0
90,lpfaucon,amatissart,1.0
91,lpfaucon,Antarctus,1.0
92,lpfaucon,biscuissec,1.0
93,lpfaucon,Fungus-Bob,1.0
94,lpfaucon,Guigui220D,1.0
95,lpfaucon,Jean-Lou,1.0
96,lpfaucon,le_science4all,1.0
97,lpfaucon,MrChamo,1.0
98,lpfaucon,NatNgs,1.0
100,lpfaucon,timber,1.0
101,lpfaucon,white,1.0
104,Maxime,Helios-火リオス,1.0
108,NatNgs,Champi,1.0
109,oscarv,amatissart,1.0
114,Poufpouf,biscuissec,1.0
115,Poufpouf,HerySon,1.0
116,Poufpouf,Wandrille,1.0
117,quentinG,tinetine,1.0
120,Romain_PC,Vilĉjo,1.0
122,Shaïman,dionisos,1.0
124,tambourinesbastes,le_science4all,1.0
125,Tang33k,Khyelle,1.0
127,tinetine,quentinG,1.0
132,Vilĉjo,Romain_PC,1.0
135,Wandrille,HerySon,1.0
