by_username,to_username,value
ABX,Everyatis,1.0
aidjango,amatissart,1.0
aidjango,biscuissec,1.0
aidjango,Foebus,1.0
aidjango,Jean-Lou,1.0
aidjango,joleenj,1.0
aidjango,lafabriquesociale,1.0
aidjango,le_science4all,1.0
aidjango,lpfaucon,1.0
aidjango,NatNgs,1.0
aidjango,timber,1.0
aidjango,Tit0uan,1.0
aidjango,vero,1.0
aidjango,white,1.0
amatissart,aidjango,1.0
amatissart,biscuissec,1.0
amatissart,Fungus-Bob,1.0
amatissart,Jean-Lou,1.0
amatissart,lafabriquesociale,1.0
amatissart,LapinLambda,1.0
amatissart,le_science4all,1.0
amatissart,lpfaucon,1.0
amatissart,NatNgs,1.0
amatissart,oscarv,1.0
ben75020,Neway,1.0
biscuissec,aidjango,1.0
biscuissec,amatissart,1.0
biscuissec,a_rausch,1.0
biscuissec,Fungus-Bob,1.0
biscuissec,HerySon,1.0
biscuissec,Jean-Lou,1.0
biscuissec,LapinLambda,1.0
biscuissec,le_science4all,1.0
biscuissec,lpfaucon,1.0
biscuissec,Omi,1.0
biscuissec,timber,1.0
blaireau,Guigui220D,1.0
Champi,Dgel,1.0
Champi,iijjaallkkaa,1.0
Champi,NatNgs,1.0
Davyddex,isatis,1.0
Dgel,Champi,1.0
Everyatis,ABX,1.0
Foebus,Goomba,1.0
from_france,LaFontaineÔsecours,1.0
from_france,le_science4all,1.0
Guigui220D,blaireau,1.0
Guigui220D,TheLastCookie,1.0
Helios-火リオス,Maxime,1.0
HerySon,biscuissec,1.0
HerySon,lafabriquesociale,1.0
HerySon,Poufpouf,1.0
HerySon,Wandrille,1.0
isatis,Davyddex,1.0
joleenj,aidjango,1.0
joleenj,vero,1.0
julien.fageot,aidjango,1.0
julien.fageot,le_science4all,1.0
Khyelle,Tang33k,1.0
kirua1234,zlita,1.0
lafabriquesociale,Jean-Lou,1.0
LaFontaineÔsecours,from_france,1.0
le_science4all,aidjango,1.0
le_science4all,amatissart,1.0
le_science4all,biscuissec,1.0
le_science4all,lpfaucon,1.0
lpfaucon,aidjango,1.0
lpfaucon,amatissart,1.0
lpfaucon,Antarctus,1.0
lpfaucon,biscuissec,1.0
lpfaucon,Fungus-Bob,1.0
lpfaucon,Guigui220D,1.0
lpfaucon,Jean-Lou,1.0
lpfaucon,le_science4all,1.0
lpfaucon,MrChamo,1.0
lpfaucon,NatNgs,1.0
lpfaucon,timber,1.0
lpfaucon,white,1.0
Maxime,Helios-火リオス,1.0
NatNgs,Champi,1.0
oscarv,amatissart,1.0
Poufpouf,biscuissec,1.0
Poufpouf,HerySon,1.0
Poufpouf,Wandrille,1.0
quentinG,tinetine,1.0
Romain_PC,Vilĉjo,1.0
Shaïman,dionisos,1.0
tambourinesbastes,le_science4all,1.0
Tang33k,Khyelle,1.0
tinetine,quentinG,1.0
Vilĉjo,Romain_PC,1.0
Wandrille,HerySon,1.0
